Stages_Data,,,,,
English,,,,,
Time,Miles,MPH,Watts,HR,RPM,Resistance,Relative Resistance,Incline
00:00,0.0000,13.18,68,0,80,8,33,0
00:01,0.0037,13.18,68,0,80,8,33,0
00:02,0.0075,13.18,68,0,80,8,33,0
00:03,0.0112,13.18,68,0,80,8,33,0
00:04,0.0149,13.18,68,0,80,8,33,0
00:05,0.0186,13.18,68,0,80,8,33,0
00:06,0.0217,13.51,37,0,82,6,25,0
00:07,0.0242,12.54,37,0,82,6,25,0
00:08,0.0280,12.54,37,0,82,6,25,0
00:09,0.0317,12.70,37,0,83,6,25,0
00:10,0.0342,12.70,27,0,84,6,25,0
00:11,0.0379,12.84,27,0,85,6,25,0
00:12,0.0416,13.01,27,0,85,6,25,0
00:13,0.0441,13.01,27,0,85,6,25,0
00:14,0.0478,12.84,27,0,84,6,25,0
00:15,0.0522,12.84,27,0,85,6,25,0
00:16,0.0547,13.01,27,0,84,6,25,0
00:17,0.0578,13.01,27,0,85,6,25,0
00:18,0.0603,13.01,27,0,85,6,25,0
00:19,0.0640,13.15,28,0,86,6,25,0
00:20,0.0677,13.01,28,0,86,6,25,0
00:21,0.0708,13.01,28,106,86,6,25,0
00:22,0.0764,13.01,28,107,86,6,25,0
00:23,0.0777,13.01,28,107,86,6,25,0
00:24,0.0808,13.15,28,107,86,6,25,0
00:25,0.0857,13.15,28,107,86,6,25,0
00:26,0.0882,13.01,27,107,85,6,25,0
00:27,0.0932,13.01,27,107,85,6,25,0
00:28,0.0957,13.01,27,106,85,6,25,0
00:29,0.0994,12.84,27,106,84,6,25,0
00:30,0.1031,12.84,27,106,84,6,25,0
00:31,0.1056,12.84,27,105,84,6,25,0
00:32,0.1106,12.84,27,105,84,6,25,0
00:33,0.1131,12.84,27,105,85,6,25,0
00:34,0.1168,13.01,27,105,85,6,25,0
00:35,0.1193,13.01,27,105,85,6,25,0
00:36,0.1237,13.15,28,105,86,6,25,0
00:37,0.1274,13.31,28,105,87,6,25,0
00:38,0.1305,13.31,28,105,87,6,25,0
00:39,0.1336,13.31,28,106,87,6,25,0
00:40,0.1361,13.31,29,105,88,6,25,0
00:41,0.1411,13.61,30,105,89,6,25,0
00:42,0.1448,13.46,30,105,89,6,25,0
00:43,0.1479,13.46,30,105,89,6,25,0
00:44,0.1522,13.46,41,105,89,6,25,2
00:45,0.1560,13.46,41,105,89,6,25,2
00:46,0.1591,13.46,41,105,89,6,25,2
00:47,0.1634,13.31,40,105,87,6,25,2
00:48,0.1665,13.31,40,106,87,6,25,2
00:49,0.1703,13.31,39,105,86,6,25,2
00:50,0.1740,13.15,39,106,86,6,25,2
00:51,0.1771,13.15,39,106,86,6,25,2
00:52,0.1814,13.15,39,106,86,6,25,2
00:53,0.1845,13.15,39,105,86,6,25,2
00:54,0.1877,13.15,39,105,86,6,25,2
00:55,0.1926,13.15,39,103,86,6,25,2
00:56,0.1951,13.15,39,103,86,6,25,2
00:57,0.1995,13.31,40,103,87,6,25,2
00:58,0.2013,13.31,41,103,88,6,25,2
00:59,0.2069,13.46,41,104,88,6,25,2
01:00,0.2100,13.31,40,106,87,6,25,2
01:01,0.2125,13.31,39,107,86,6,25,2
01:02,0.2156,13.15,39,107,85,6,25,2
01:03,0.2200,13.15,39,107,85,6,25,2
01:04,0.2231,13.15,39,106,85,6,25,2
01:05,0.2268,13.15,39,106,85,6,25,2
01:06,0.2299,13.15,39,105,86,6,25,2
01:07,0.2336,13.15,39,104,86,6,25,2
01:08,0.2380,13.15,39,103,86,6,25,2
01:09,0.2411,13.15,39,102,86,6,25,2
01:10,0.2448,13.15,39,103,86,6,25,2
01:11,0.2479,13.15,39,103,86,6,25,2
01:12,0.2517,13.15,39,103,86,6,25,2
01:13,0.2560,13.01,39,104,85,6,25,2
01:14,0.2591,13.01,39,104,85,6,25,2
01:15,0.2635,13.01,39,105,85,6,25,2
01:16,0.2672,13.15,39,105,86,6,25,2
01:17,0.2691,13.01,39,105,85,6,25,2
01:18,0.2734,13.01,39,105,85,6,25,2
01:19,0.2759,13.01,39,105,85,6,25,2
01:20,0.2802,13.01,39,105,85,6,25,2
01:21,0.2846,13.01,39,104,85,6,25,2
01:22,0.2877,13.01,39,104,85,6,25,2
01:23,0.2908,13.01,39,104,85,6,25,2
01:24,0.2939,13.01,39,105,85,6,25,2
01:25,0.2983,13.01,38,105,84,6,25,2
01:26,0.3020,12.84,38,106,84,6,25,2
01:27,0.3057,12.84,38,106,84,6,25,2
01:28,0.3082,12.84,39,106,85,6,25,2
01:29,0.3125,13.01,39,106,85,6,25,2
01:30,0.3157,13.01,39,106,85,6,25,2
01:31,0.3200,13.01,39,106,85,6,25,2
01:32,0.3225,13.01,39,105,85,6,25,2
01:33,0.3268,12.84,38,106,84,6,25,2
01:34,0.3306,12.84,38,106,84,6,25,2
01:35,0.3337,12.84,38,106,84,6,25,2
01:36,0.3368,12.84,37,107,83,6,25,2
01:37,0.3405,12.84,38,107,84,6,25,2
01:38,0.3436,12.84,38,106,84,6,25,2
01:39,0.3473,12.70,37,106,83,6,25,2
01:40,0.3505,12.70,37,106,83,6,25,2
01:41,0.3542,12.84,38,105,84,6,25,2
01:42,0.3567,12.84,38,105,84,6,25,2
01:43,0.3616,12.84,38,105,84,6,25,2
01:44,0.3647,12.84,38,105,84,6,25,2
01:45,0.3672,12.84,39,105,85,6,25,2
01:46,0.3710,13.01,39,105,85,6,25,2
01:47,0.3753,13.15,39,106,86,6,25,2
01:48,0.3778,13.15,39,106,86,6,25,2
01:49,0.3821,13.15,40,106,87,6,25,2
01:50,0.3853,13.31,40,106,87,6,25,2
01:51,0.3884,13.31,40,106,87,6,25,2
01:52,0.3927,13.31,40,106,87,6,25,2
01:53,0.3952,13.31,39,106,86,6,25,2
01:54,0.3995,13.15,39,106,85,6,25,2
01:55,0.4026,13.01,38,106,84,6,25,2
01:56,0.4045,12.84,38,105,84,6,25,2
01:57,0.4089,13.01,39,104,85,6,25,2
01:58,0.4113,13.01,39,104,85,6,25,2
01:59,0.4157,13.01,39,107,86,6,25,2
02:00,0.4194,13.15,39,108,86,6,25,2
02:01,0.4225,13.15,39,109,85,6,25,2
02:02,0.4263,13.01,39,110,85,6,25,2
02:03,0.4294,13.01,39,110,85,6,25,2
02:04,0.4331,13.15,39,109,86,6,25,2
02:05,0.4368,13.31,40,107,87,6,25,2
02:06,0.4393,13.31,40,106,87,6,25,2
02:07,0.4437,13.31,40,104,87,6,25,2
02:08,0.4480,13.31,40,105,87,6,25,2
02:09,0.4511,13.31,41,105,88,6,25,2
02:10,0.4542,13.46,42,106,89,6,25,2
02:11,0.4573,13.61,42,106,89,6,25,2
02:12,0.4617,13.61,41,108,88,6,25,2
02:13,0.4660,13.46,40,108,87,6,25,2
02:14,0.4685,13.31,40,108,87,6,25,2
02:15,0.4722,13.15,39,108,86,6,25,2
02:16,0.4753,13.15,39,109,86,6,25,2
02:17,0.4791,13.01,39,110,86,6,25,2
02:18,0.4816,13.15,39,111,86,6,25,2
02:19,0.4847,13.15,39,110,86,6,25,2
02:20,0.4896,13.15,39,110,85,6,25,2
02:21,0.4927,13.01,39,108,86,6,25,2
02:22,0.4952,13.15,39,108,86,6,25,2
02:23,0.4996,13.15,39,104,86,6,25,2
02:24,0.5027,13.15,39,104,86,6,25,2
02:25,0.5058,13.15,39,104,86,6,25,2
02:26,0.5108,13.15,39,105,86,6,25,2
02:27,0.5145,13.15,39,105,86,6,25,2
02:28,0.5170,13.01,39,105,85,6,25,2
02:29,0.5213,12.84,38,106,84,6,25,2
02:30,0.5238,12.84,38,106,84,6,25,2
02:31,0.5282,12.84,38,106,84,6,25,2
02:32,0.5307,12.84,38,106,84,6,25,2
02:33,0.5350,12.84,38,105,84,6,25,2
02:34,0.5375,12.84,38,105,84,6,25,2
02:35,0.5425,12.84,38,104,84,6,25,2
02:36,0.5456,12.84,38,104,84,6,25,2
02:37,0.5480,12.84,38,104,84,6,25,2
02:38,0.5524,12.84,38,104,84,6,25,2
02:39,0.5567,12.84,38,105,84,6,25,2
02:40,0.5592,12.84,38,105,84,6,25,2
02:41,0.5636,12.84,38,105,84,6,25,2
02:42,0.5661,12.84,38,106,84,6,25,2
02:43,0.5710,12.84,38,106,84,6,25,2
02:44,0.5741,13.01,39,105,85,6,25,2
02:45,0.5773,13.01,39,105,86,6,25,2
02:46,0.5810,13.15,39,104,86,6,25,2
02:47,0.5835,13.15,39,104,85,6,25,2
02:48,0.5872,13.01,39,104,85,6,25,2
02:49,0.5909,12.84,38,105,84,6,25,2
02:50,0.5934,12.84,37,105,83,6,25,2
02:51,0.5978,12.70,36,107,82,6,25,2
02:52,0.6002,12.54,36,107,82,6,25,2
02:53,0.6040,12.54,36,107,82,6,25,2
02:54,0.6083,12.54,37,106,83,6,25,2
02:55,0.6102,12.70,37,108,83,6,25,2
02:56,0.6145,12.70,37,109,83,6,25,2
02:57,0.6183,12.84,38,110,84,6,25,2
02:58,0.6207,12.84,39,110,85,6,25,2
02:59,0.6251,13.01,39,109,85,6,25,2
03:00,0.6276,13.01,39,108,85,6,25,2
03:01,0.6319,12.84,38,107,84,6,25,2
03:02,0.6350,12.84,38,104,84,6,25,2
03:03,0.6375,12.84,37,103,83,6,25,2
03:04,0.6425,12.70,38,101,84,6,25,2
03:05,0.6444,12.84,38,102,84,6,25,2
03:06,0.6487,12.84,39,103,85,6,25,2
03:07,0.6524,13.01,39,105,85,6,25,2
03:08,0.6555,13.01,39,107,85,6,25,2
03:09,0.6593,13.01,39,108,86,6,25,2
03:10,0.6618,13.15,39,108,85,6,25,2
03:11,0.6655,13.01,39,108,85,6,25,2
03:12,0.6698,13.01,39,108,85,6,25,2
03:13,0.6723,13.01,39,107,86,6,25,2
03:14,0.6761,13.15,39,107,85,6,25,2
03:15,0.6785,13.15,39,108,86,6,25,2
03:16,0.6823,13.15,39,108,86,6,25,2
03:17,0.6866,13.15,40,109,87,6,25,2
03:18,0.6897,13.31,40,109,87,6,25,2
03:19,0.6922,13.31,65,109,88,6,25,4
03:20,0.6966,13.61,66,108,89,6,25,4
03:21,0.6997,13.61,66,107,89,6,25,4
03:22,0.7040,13.46,65,107,88,6,25,4
03:23,0.7065,13.31,61,107,85,6,25,4
03:24,0.7096,13.01,56,107,81,6,25,4
03:25,0.7121,11.17,42,107,69,6,25,4
03:26,0.7133,10.10,38,107,65,6,25,4
03:27,0.7164,9.94,36,107,63,6,25,4
03:28,0.7195,9.33,33,106,60,6,25,4
03:29,0.7214,9.02,33,106,58,6,25,4
03:30,0.7227,9.02,33,107,59,6,25,4
03:31,0.7258,9.02,33,109,59,6,25,4
03:32,0.7282,9.02,33,109,59,6,25,4
03:33,0.7314,9.02,33,110,59,6,25,4
03:34,0.7326,9.02,33,110,58,6,25,4
03:35,0.7351,9.02,33,110,59,6,25,4
03:36,0.7369,9.02,33,110,59,6,25,4
03:37,0.7407,9.64,38,110,65,6,25,4
03:38,0.7425,10.10,41,110,68,6,25,4
03:39,0.7450,10.40,42,110,69,6,25,4
03:40,0.7481,10.86,46,110,72,6,25,4
03:41,0.7506,11.17,47,110,73,6,25,4
03:42,0.7525,11.31,48,111,74,6,25,4
03:43,0.7562,11.31,48,111,74,6,25,4
03:44,0.7593,11.31,49,112,75,6,25,4
03:45,0.7618,11.47,49,112,75,6,25,4
03:46,0.7649,11.62,50,112,76,6,25,4
03:47,0.7674,11.62,50,112,76,6,25,4
03:48,0.7705,11.78,51,112,77,6,25,4
03:49,0.7736,11.93,52,110,78,6,25,4
03:50,0.7761,12.08,55,110,80,6,25,4
03:51,0.7792,12.23,123,110,80,8,33,6
03:52,0.7829,13.34,126,111,81,8,33,6
03:53,0.7860,13.18,123,112,80,8,33,6
03:54,0.7879,13.01,119,112,78,8,33,6
03:55,0.7910,12.84,114,112,76,8,33,6
03:56,0.7935,12.18,107,112,73,8,33,6
03:57,0.7960,11.86,102,112,71,8,33,6
03:58,0.7985,11.70,104,112,72,8,33,6
03:59,0.8022,11.86,102,112,71,8,33,6
04:00,0.8047,11.86,102,112,71,8,33,6
04:01,0.8084,11.86,104,112,72,8,33,6
04:02,0.8103,11.86,107,112,73,8,33,6
04:03,0.8146,12.02,107,112,73,8,33,6
04:04,0.8183,12.02,107,113,73,8,33,6
04:05,0.8215,12.02,104,114,72,8,33,6
04:06,0.8233,11.86,104,114,72,8,33,6
04:07,0.8270,11.70,102,114,71,8,33,6
04:08,0.8295,11.70,97,115,69,8,33,6
04:09,0.8326,11.37,95,115,68,8,33,6
04:10,0.8351,11.20,95,114,68,8,33,6
04:11,0.8389,11.20,97,113,69,8,33,6
04:12,0.8426,11.37,97,112,69,8,33,6
04:13,0.8451,11.37,97,112,69,8,33,6
04:14,0.8482,11.37,95,112,68,8,33,6
04:15,0.8507,11.20,95,112,68,8,33,6
04:16,0.8544,11.20,95,112,68,8,33,6
04:17,0.8581,11.20,95,113,68,8,33,6
04:18,0.8600,11.20,95,112,68,8,33,6
04:19,0.8637,11.20,95,113,68,8,33,6
04:20,0.8662,11.20,95,112,68,8,33,6
04:21,0.8699,11.20,95,112,68,8,33,6
04:22,0.8730,11.20,95,112,68,8,33,6
04:23,0.8755,11.20,95,112,68,8,33,6
04:24,0.8792,11.20,95,112,68,8,33,6
04:25,0.8811,11.20,93,113,67,8,33,6
04:26,0.8848,11.03,93,113,67,8,33,6
04:27,0.8886,11.03,64,113,67,13,54,-1
04:28,0.8917,13.86,65,113,68,13,54,-1
04:29,0.8954,13.86,65,113,68,13,54,-1
04:30,0.8997,13.86,65,113,68,13,54,-1
04:31,0.9029,13.86,65,114,68,13,54,-1
04:32,0.9072,13.66,64,113,67,13,54,-1
04:33,0.9097,13.66,62,113,66,13,54,-1
04:34,0.9140,13.46,62,111,66,13,54,-1
04:35,0.9171,13.46,62,111,66,13,54,-1
04:36,0.9209,13.46,62,109,66,13,54,-1
04:37,0.9252,13.66,64,109,67,13,54,-1
04:38,0.9289,13.86,65,109,68,13,54,-1
04:39,0.9321,13.86,65,109,68,13,54,-1
04:40,0.9370,13.86,65,111,68,13,54,-1
04:41,0.9395,13.86,65,111,68,13,54,-1
04:42,0.9439,14.07,67,112,69,13,54,-1
04:43,0.9482,14.07,68,112,70,13,54,-1
04:44,0.9507,14.27,70,112,71,13,54,-1
04:45,0.9557,14.68,74,113,73,13,54,-1
04:46,0.9588,14.89,74,113,73,13,54,-1
04:47,0.9619,14.89,75,113,74,13,54,-1
04:48,0.9669,15.09,74,113,73,13,54,-1
04:49,0.9693,15.09,72,114,72,13,54,-1
04:50,0.9737,14.68,70,114,71,13,54,-1
04:51,0.9780,14.68,70,114,71,13,54,-1
04:52,0.9811,14.68,70,114,71,13,54,-1
04:53,0.9861,14.68,70,114,71,13,54,-1
04:54,0.9892,14.27,68,113,70,13,54,-1
04:55,0.9930,14.27,68,113,70,13,54,-1
04:56,0.9973,14.27,68,112,70,13,54,-1
04:57,1.0004,14.27,68,111,70,13,54,-1
04:58,1.0054,14.48,72,111,72,13,54,-1
04:59,1.0079,14.68,72,112,72,13,54,-1
05:00,1.0122,14.89,74,113,73,13,54,-1
05:01,1.0166,14.89,75,113,74,13,54,-1
05:02,1.0190,15.09,77,113,75,13,54,-1
05:03,1.0240,15.30,77,113,75,13,54,-1
05:04,1.0284,15.09,75,114,74,13,54,-1
05:05,1.0321,15.09,74,114,73,13,54,-1
05:06,1.0358,14.89,74,114,73,13,54,-1
05:07,1.0402,14.68,72,114,72,13,54,-1
05:08,1.0433,14.68,72,114,72,13,54,-1
05:09,1.0483,14.68,72,112,72,13,54,-1
05:10,1.0514,14.68,72,112,72,13,54,-1
05:11,1.0563,14.68,72,112,72,13,54,-1
05:12,1.0594,14.68,72,112,72,13,54,-1
05:13,1.0644,14.68,72,112,72,13,54,-1
05:14,1.0688,14.68,72,113,72,13,54,-1
05:15,1.0719,14.68,72,113,72,13,54,-1
05:16,1.0762,14.68,72,113,72,13,54,-1
05:17,1.0812,14.68,72,114,72,13,54,-1
05:18,1.0843,14.48,70,115,71,13,54,-1
05:19,1.0886,14.48,70,115,71,13,54,-1
05:20,1.0911,14.48,68,115,70,13,54,-1
05:21,1.0961,14.48,70,115,71,13,54,-1
05:22,1.0986,14.48,70,114,71,13,54,-1
05:23,1.1029,14.48,70,113,71,13,54,-1
05:24,1.1073,14.48,70,112,71,13,54,-1
05:25,1.1098,14.48,68,112,70,13,54,-1
05:26,1.1141,14.48,70,112,71,13,54,-1
05:27,1.1185,14.48,72,114,72,13,54,-1
05:28,1.1210,14.68,74,114,73,13,54,-1
05:29,1.1259,14.89,75,114,74,13,54,-1
05:30,1.1290,15.09,75,115,74,13,54,-1
05:31,1.1328,15.09,75,115,74,13,54,-1
05:32,1.1377,15.09,75,115,74,13,54,-1
05:33,1.1415,15.09,75,115,74,13,54,-1
05:34,1.1464,15.30,77,115,75,13,54,-1
05:35,1.1508,15.30,77,115,75,13,54,-1
05:36,1.1539,15.50,79,115,76,13,54,-1
05:37,1.1576,15.50,79,115,76,13,54,-1
05:38,1.1626,15.30,77,115,75,13,54,-1
05:39,1.1676,15.30,75,115,74,13,54,-1
05:40,1.1713,15.09,75,115,74,13,54,-1
05:41,1.1750,15.09,75,114,74,13,54,-1
05:42,1.1787,14.89,74,116,73,13,54,-1
05:43,1.1818,14.89,74,116,73,13,54,-1
05:44,1.1868,14.68,74,116,73,13,54,-1
05:45,1.1905,14.89,74,116,73,13,54,-1
05:46,1.1937,14.89,74,116,73,13,54,-1
05:47,1.1986,14.89,74,115,73,13,54,-1
05:48,1.2017,14.89,74,114,73,13,54,-1
05:49,1.2067,14.89,74,114,73,13,54,-1
05:50,1.2111,14.89,75,113,74,13,54,-1
05:51,1.2135,15.09,75,113,74,13,54,-1
05:52,1.2185,14.89,74,113,73,13,54,-1
05:53,1.2216,14.89,74,113,73,13,54,-1
05:54,1.2253,14.89,74,114,73,13,54,-1
05:55,1.2303,15.09,75,115,74,13,54,-1
05:56,1.2340,15.09,75,115,74,13,54,-1
05:57,1.2371,15.09,75,115,74,13,54,-1
05:58,1.2427,15.09,75,115,74,13,54,-1
05:59,1.2458,15.09,74,115,73,13,54,-1
06:00,1.2502,14.89,74,115,73,13,54,-1
06:01,1.2539,14.89,74,115,73,13,54,-1
06:02,1.2583,14.89,74,115,73,13,54,-1
06:03,1.2632,14.89,74,114,73,13,54,-1
06:04,1.2676,14.89,74,115,73,13,54,-1
06:05,1.2707,14.89,74,116,73,13,54,-1
06:06,1.2757,14.89,74,117,73,13,54,-1
06:07,1.2788,14.89,75,117,74,13,54,-1
06:08,1.2844,15.09,75,117,74,13,54,-1
06:09,1.2875,15.09,75,117,74,13,54,-1
06:10,1.2918,15.09,74,116,73,13,54,-1
06:11,1.2962,14.89,74,116,73,13,54,-1
06:12,1.2999,14.89,72,115,72,13,54,-1
06:13,1.3030,14.68,72,115,72,13,54,-1
06:14,1.3080,14.48,70,115,71,13,54,-1
06:15,1.3111,14.48,70,115,71,13,54,-1
06:16,1.3161,14.48,70,116,71,13,54,-1
06:17,1.3185,14.48,72,117,72,13,54,-1
06:18,1.3229,14.68,72,117,72,13,54,-1
06:19,1.3285,14.89,74,117,73,13,54,-1
06:20,1.3316,14.89,74,118,73,13,54,-1
06:21,1.3359,14.89,74,117,73,13,54,-1
06:22,1.3391,14.89,75,117,74,13,54,-1
06:23,1.3440,15.09,75,117,74,13,54,-1
06:24,1.3471,15.09,75,117,74,13,54,-1
06:25,1.3521,14.89,74,117,73,13,54,-1
06:26,1.3552,14.89,75,117,74,13,54,-1
06:27,1.3589,15.09,75,117,74,13,54,-1
06:28,1.3633,15.30,77,117,75,13,54,-1
06:29,1.3683,15.30,77,116,75,13,54,-1
06:30,1.3720,15.30,77,116,75,13,54,-1
06:31,1.3763,15.30,77,116,75,13,54,-1
06:32,1.3794,15.30,77,115,75,13,54,-1
06:33,1.3844,15.30,79,116,76,13,54,-1
06:34,1.3894,15.50,79,116,76,13,54,-1
06:35,1.3925,15.50,79,116,76,13,54,-1
06:36,1.3975,15.50,79,116,76,13,54,-1
06:37,1.4012,15.50,79,116,76,13,54,-1
06:38,1.4055,15.30,77,116,75,13,54,-1
06:39,1.4099,15.09,97,116,75,13,54,0
06:40,1.4130,15.30,97,116,75,13,54,0
06:41,1.4167,15.50,99,116,76,13,54,0
06:42,1.4217,15.50,99,116,76,13,54,0
06:43,1.4248,15.50,95,116,74,13,54,0
06:44,1.4285,15.09,95,117,74,13,54,0
06:45,1.4335,15.09,95,117,74,13,54,0
06:46,1.4372,15.09,95,117,74,13,54,0
06:47,1.4422,15.30,102,117,77,13,54,0
06:48,1.4453,15.91,106,116,79,13,54,0
06:49,1.4497,16.52,110,115,81,13,54,0
06:50,1.4528,16.52,113,116,82,13,54,0
06:51,1.4565,16.73,115,116,83,10,42,0
06:52,1.4615,14.81,62,116,84,10,42,0
06:53,1.4646,14.99,62,117,84,10,42,0
06:54,1.4702,14.99,62,118,84,10,42,0
06:55,1.4726,14.99,62,118,84,10,42,0
06:56,1.4776,14.99,64,118,85,10,42,0
06:57,1.4820,15.17,62,119,84,10,42,0
06:58,1.4863,14.99,62,120,84,10,42,0
06:59,1.4894,14.99,62,120,84,10,42,0
07:00,1.4944,14.99,62,120,84,10,42,0
07:01,1.4981,14.99,62,120,84,10,42,0
07:02,1.5012,14.99,62,120,84,10,42,0
07:03,1.5062,14.81,61,121,83,10,42,0
07:04,1.5093,14.81,61,121,83,10,42,0
07:05,1.5137,14.99,62,120,84,10,42,0
07:06,1.5174,14.99,62,119,84,10,42,0
07:07,1.5217,15.17,64,119,85,10,42,0
07:08,1.5267,15.17,64,119,85,10,42,0
07:09,1.5298,15.17,64,118,85,10,42,0
07:10,1.5348,15.17,62,118,84,10,42,0
07:11,1.5398,14.99,62,119,84,10,42,0
07:12,1.5422,14.99,62,119,84,10,42,0
07:13,1.5472,14.99,62,119,84,10,42,0
07:14,1.5503,14.99,62,119,84,10,42,0
07:15,1.5553,14.81,61,119,83,10,42,0
07:16,1.5590,14.63,61,119,83,10,42,0
07:17,1.5627,14.63,61,120,83,10,42,0
07:18,1.5677,14.63,61,120,83,10,42,0
07:19,1.5702,14.81,61,120,83,10,42,0
07:20,1.5752,14.81,61,120,83,10,42,0
07:21,1.5801,14.81,61,120,83,10,42,0
07:22,1.5833,14.81,61,120,83,10,42,0
07:23,1.5870,14.99,62,120,84,10,42,0
07:24,1.5907,14.99,62,121,84,10,42,0
07:25,1.5963,14.99,62,120,84,10,42,0
07:26,1.5994,14.81,61,120,83,10,42,0
07:27,1.6031,14.81,61,120,83,10,42,0
07:28,1.6075,14.81,61,120,83,10,42,0
07:29,1.6118,14.63,60,120,82,10,42,0
07:30,1.6149,14.63,60,120,82,10,42,0
07:31,1.6199,14.63,60,119,82,10,42,0
07:32,1.6230,14.63,60,119,82,10,42,0
07:33,1.6274,14.63,60,119,82,10,42,0
07:34,1.6305,14.63,61,119,83,10,42,0
07:35,1.6342,14.81,61,119,83,10,42,0
07:36,1.6386,14.63,60,119,82,10,42,0
07:37,1.6417,14.63,58,119,81,10,42,0
07:38,1.6460,14.45,58,118,81,10,42,0
07:39,1.6504,14.45,58,117,81,10,42,0
07:40,1.6535,14.45,58,118,81,10,42,0
07:41,1.6591,14.45,58,118,81,10,42,0
07:42,1.6615,14.45,58,119,81,10,42,0
07:43,1.6659,14.45,58,119,81,10,42,0
07:44,1.6709,14.45,58,119,81,10,42,0
07:45,1.6734,14.45,57,119,80,10,42,0
07:46,1.6777,14.27,57,119,80,10,42,0
07:47,1.6821,14.45,58,120,81,10,42,0
07:48,1.6852,14.45,60,120,82,10,42,0
07:49,1.6895,14.63,58,120,81,10,42,0
07:50,1.6932,14.63,58,120,81,10,42,0
07:51,1.6963,14.63,58,119,81,10,42,0
07:52,1.7013,14.63,58,120,81,10,42,0
07:53,1.7044,14.63,58,120,81,10,42,0
07:54,1.7113,14.63,58,120,81,10,42,0
07:55,1.7131,14.63,58,119,81,10,42,0
07:56,1.7162,14.63,58,119,81,10,42,0
07:57,1.7212,14.63,58,119,81,10,42,0
07:58,1.7243,14.63,58,119,81,10,42,0
07:59,1.7293,14.63,58,119,81,10,42,0
08:00,1.7330,14.27,57,119,80,10,42,0
08:01,1.7361,14.27,57,119,80,10,42,0
08:02,1.7411,14.45,58,119,81,10,42,0
08:03,1.7436,14.45,60,119,82,10,42,0
08:04,1.7479,14.63,60,120,82,10,42,0
08:05,1.7529,14.63,60,118,82,10,42,0
08:06,1.7560,14.63,60,119,82,10,42,0
08:07,1.7603,14.63,60,119,82,10,42,0
08:08,1.7641,14.63,60,119,82,10,42,0
08:09,1.7684,14.63,60,119,82,10,42,0
08:10,1.7722,14.63,60,120,82,10,42,0
08:11,1.7771,14.63,60,120,82,10,42,0
08:12,1.7802,14.81,61,119,83,10,42,0
08:13,1.7846,14.81,62,120,84,10,42,0
08:14,1.7877,14.99,62,120,84,10,42,0
08:15,1.7914,14.99,62,121,84,10,42,0
08:16,1.7958,15.17,64,121,85,10,42,0
08:17,1.8001,14.99,62,121,84,10,42,0
08:18,1.8032,14.99,62,121,84,10,42,0
08:19,1.8082,14.99,62,121,84,10,42,0
08:20,1.8132,14.99,62,121,84,10,42,0
08:21,1.8156,14.99,61,121,83,10,42,0
08:22,1.8200,14.81,61,121,83,10,42,0
08:23,1.8237,14.81,61,121,83,10,42,0
08:24,1.8293,14.81,61,121,83,10,42,0
08:25,1.8324,14.81,61,121,83,10,42,0
08:26,1.8374,14.63,70,121,82,9,38,2
08:27,1.8405,14.05,69,121,81,9,38,2
08:28,1.8449,13.71,67,120,80,9,38,2
08:29,1.8473,13.71,67,120,80,9,38,2
08:30,1.8517,13.88,70,120,82,9,38,2
08:31,1.8548,14.05,70,120,82,9,38,2
08:32,1.8598,14.22,72,122,83,9,38,2
08:33,1.8629,14.22,72,121,83,9,38,2
08:34,1.8660,14.22,72,121,83,9,38,2
08:35,1.8709,14.22,72,121,83,9,38,2
08:36,1.8753,14.22,72,121,83,9,38,2
08:37,1.8784,14.22,72,121,83,9,38,2
08:38,1.8828,14.05,70,120,82,9,38,2
08:39,1.8852,14.05,70,120,82,9,38,2
08:40,1.8896,14.05,70,121,82,9,38,2
08:41,1.8939,14.05,70,121,82,9,38,2
08:42,1.8970,14.05,73,121,84,9,38,2
08:43,1.9014,14.40,73,121,84,9,38,2
08:44,1.9057,14.22,73,121,84,9,38,2
08:45,1.9082,14.40,72,121,83,9,38,2
08:46,1.9120,14.22,72,122,83,9,38,2
08:47,1.9169,14.05,72,121,83,9,38,2
08:48,1.9200,14.22,72,121,83,9,38,2
08:49,1.9244,14.05,70,121,82,9,38,2
08:50,1.9269,14.05,70,121,82,9,38,2
08:51,1.9318,14.05,70,120,82,9,38,2
08:52,1.9343,14.05,72,120,83,9,38,2
08:53,1.9387,14.99,51,120,84,10,42,-1
08:54,1.9436,14.99,51,120,84,10,42,-1
08:55,1.9468,14.99,51,121,84,10,42,-1
08:56,1.9511,14.99,51,122,84,10,42,-1
08:57,1.9542,14.99,49,121,82,10,42,-1
08:58,1.9586,14.63,48,121,81,10,42,-1
08:59,1.9629,14.27,48,121,81,10,42,-1
09:00,1.9660,14.27,48,121,81,10,42,-1
09:01,1.9691,14.27,48,121,81,10,42,-1
09:02,1.9741,14.63,49,121,82,10,42,-1
09:03,1.9766,14.63,50,122,83,10,42,-1
09:04,1.9809,14.99,51,122,84,10,42,0
09:05,1.9840,14.99,64,122,85,10,42,0
09:06,1.9884,15.17,62,123,84,10,42,0
09:07,1.9934,15.17,62,122,84,10,42,0
09:08,1.9965,15.17,62,122,84,10,42,0
09:09,2.0014,14.81,61,123,83,10,42,0
09:10,2.0045,14.81,61,121,83,10,42,0
09:11,2.0083,14.63,60,121,82,10,42,0
09:12,2.0126,14.63,58,121,81,10,42,0
09:13,2.0157,14.45,60,121,82,10,42,0
09:14,2.0201,14.63,61,121,83,10,42,0
09:15,2.0244,14.81,61,121,83,10,42,0
09:16,2.0275,14.81,61,122,83,10,42,0
09:17,2.0313,14.81,61,122,83,10,42,0
09:18,2.0362,14.81,60,122,82,10,42,0
09:19,2.0393,14.63,60,122,82,10,42,0
09:20,2.0443,14.63,60,122,82,10,42,0
09:21,2.0474,14.63,60,122,82,10,42,0
09:22,2.0524,14.63,60,121,82,10,42,0
09:23,2.0567,14.63,60,121,82,10,42,0
09:24,2.0623,14.63,61,121,83,10,42,0
09:25,2.0636,14.63,61,121,83,10,42,0
09:26,2.0673,14.81,61,121,83,10,42,0
09:27,2.0723,14.99,62,121,84,10,42,0
09:28,2.0772,14.99,62,122,84,10,42,0
09:29,2.0797,14.81,61,122,83,10,42,0
09:30,2.0847,14.81,62,122,84,10,42,0
09:31,2.0872,14.99,62,122,84,10,42,0
09:32,2.0928,14.99,64,122,85,10,42,0
09:33,2.0953,15.17,64,122,85,10,42,0
09:34,2.1002,15.17,64,122,85,10,42,0
09:35,2.1046,15.17,64,122,85,10,42,0
09:36,2.1096,15.17,64,123,85,10,42,0
09:37,2.1127,14.99,62,123,84,10,42,0
09:38,2.1170,14.99,62,121,84,10,42,0
09:39,2.1201,14.99,62,121,84,10,42,0
09:40,2.1238,14.81,61,121,83,10,42,0
09:41,2.1288,14.81,60,122,82,10,42,0
09:42,2.1325,14.63,60,120,82,10,42,0
09:43,2.1363,14.81,61,119,83,10,42,0
09:44,2.1394,14.81,61,118,83,10,42,0
09:45,2.1444,14.81,61,118,83,10,42,0
09:46,2.1487,14.63,60,118,82,10,42,0
09:47,2.1518,14.63,60,118,82,10,42,0
09:48,2.1568,14.63,60,120,82,10,42,0
09:49,2.1599,14.63,60,120,82,10,42,0
09:50,2.1642,14.63,60,120,82,10,42,0
09:51,2.1686,14.45,58,120,81,10,42,0
09:52,2.1717,14.45,58,119,81,10,42,0
09:53,2.1760,14.45,57,119,80,10,42,0
09:54,2.1791,14.27,57,120,80,10,42,0
09:55,2.1835,13.92,55,120,78,10,42,0
09:56,2.1866,15.30,95,120,74,13,54,0
09:57,2.1910,15.09,91,120,72,13,54,0
09:58,2.1941,14.48,87,119,70,13,54,0
09:59,2.1984,14.27,85,119,69,13,54,0
10:00,2.2021,13.86,83,119,68,13,54,0
10:01,2.2046,13.66,81,119,67,13,54,0
10:02,2.2084,13.66,81,119,67,13,54,0
10:03,2.2121,13.66,83,120,68,13,54,0
10:04,2.2171,13.86,85,120,69,13,54,0
10:05,2.2195,14.07,87,120,70,13,54,0
10:06,2.2239,14.27,87,120,70,13,54,0
10:07,2.2289,14.48,89,120,71,13,54,0
10:08,2.2320,14.48,89,120,71,13,54,0
10:09,2.2363,14.48,89,120,71,13,54,0
10:10,2.2394,14.48,89,119,71,13,54,0
10:11,2.2438,14.48,89,119,71,13,54,0
10:12,2.2463,13.22,87,119,71,11,46,2
10:13,2.2500,13.22,87,119,71,11,46,2
10:14,2.2531,13.22,87,120,71,11,46,2
10:15,2.2562,13.22,87,120,71,11,46,2
10:16,2.2605,13.22,87,120,71,11,46,2
10:17,2.2649,13.22,87,120,71,11,46,2
10:18,2.2674,13.22,89,120,72,11,46,2
10:19,2.2711,13.60,93,120,74,11,46,2
10:20,2.2755,13.97,97,120,76,11,46,2
10:21,2.2786,14.15,97,120,76,11,46,2
10:22,2.2829,14.15,97,120,76,11,46,2
10:23,2.2860,14.15,97,119,76,11,46,2
10:24,2.2891,14.15,97,119,76,11,46,2
10:25,2.2947,13.97,95,119,75,11,46,2
10:26,2.2972,13.78,91,119,73,11,46,2
10:27,2.3016,13.60,89,119,72,11,46,2
10:28,2.3047,13.40,89,119,72,11,46,2
10:29,2.3090,13.40,89,119,72,11,46,2
10:30,2.3134,13.40,89,120,72,11,46,2
10:31,2.3158,13.40,89,120,72,11,46,2
10:32,2.3202,13.40,89,120,72,11,46,2
10:33,2.3227,13.40,87,119,71,11,46,2
10:34,2.3270,13.22,87,119,71,11,46,2
10:35,2.3308,13.22,84,119,70,11,46,2
10:36,2.3332,13.04,83,119,69,11,46,2
10:37,2.3364,12.84,83,119,69,11,46,2
10:38,2.3407,12.84,83,120,69,11,46,2
10:39,2.3432,12.84,83,119,69,11,46,2
10:40,2.3475,12.84,102,120,70,10,42,4
10:41,2.3500,12.49,102,120,70,10,42,4
10:42,2.3531,12.67,104,120,71,10,42,4
10:43,2.3569,12.49,102,121,70,10,42,4
10:44,2.3600,12.49,102,121,70,10,42,4
10:45,2.3637,12.49,102,120,70,10,42,4
10:46,2.3674,12.49,104,119,71,10,42,4
10:47,2.3699,12.67,104,118,71,10,42,4
10:48,2.3736,12.67,104,117,71,10,42,4
10:49,2.3767,12.67,104,117,71,10,42,4
10:50,2.3811,12.67,104,118,71,10,42,4
10:51,2.3848,12.67,104,119,71,10,42,4
10:52,2.3879,12.67,104,119,71,10,42,4
10:53,2.3917,12.67,107,117,72,10,42,4
10:54,2.3941,12.84,107,118,72,10,42,4
10:55,2.3972,12.84,107,117,72,10,42,4
10:56,2.4022,12.84,104,117,71,10,42,4
10:57,2.4047,12.67,104,116,71,10,42,4
10:58,2.4084,12.67,104,116,71,10,42,4
10:59,2.4115,12.67,104,116,71,10,42,4
11:00,2.4146,12.49,102,116,70,10,42,4
11:01,2.4190,12.49,102,116,70,10,42,4
11:02,2.4215,12.49,104,116,71,10,42,4
11:03,2.4252,12.67,102,116,70,10,42,4
11:04,2.4283,12.49,102,116,70,10,42,4
11:05,2.4314,12.49,102,116,70,10,42,4
11:06,2.4352,12.49,102,116,70,10,42,4
11:07,2.4383,12.49,102,116,70,10,42,4
11:08,2.4426,12.49,102,116,70,10,42,4
11:09,2.4463,12.49,102,117,70,10,42,4
11:10,2.4494,12.49,104,116,71,10,42,4
11:11,2.4532,12.67,107,117,72,10,42,4
11:12,2.4557,12.84,107,117,72,10,42,4
11:13,2.4594,12.84,104,117,71,10,42,4
11:14,2.4619,12.67,104,117,71,10,42,4
11:15,2.4668,12.67,102,117,70,10,42,4
11:16,2.4699,12.49,102,117,70,10,42,4
11:17,2.4724,12.49,102,117,70,10,42,4
11:18,2.4762,12.49,100,117,69,10,42,4
11:19,2.4799,12.32,100,117,69,10,42,4
11:20,2.4830,12.32,100,117,69,10,42,4
11:21,2.4855,12.49,102,117,70,10,42,4
11:22,2.4898,12.49,102,118,70,10,42,4
11:23,2.4923,12.67,104,117,71,10,42,4
11:24,2.4967,12.67,104,117,71,10,42,4
11:25,2.4992,12.67,104,117,71,10,42,4
11:26,2.5041,12.67,104,117,71,10,42,4
11:27,2.5066,12.67,104,117,71,10,42,4
11:28,2.5097,12.67,104,117,71,10,42,4
11:29,2.5141,12.67,104,117,71,10,42,4
11:30,2.5166,12.67,104,117,71,10,42,4
11:31,2.5209,12.84,107,117,72,10,42,4
11:32,2.5240,12.84,107,117,72,10,42,4
11:33,2.5271,12.84,107,117,72,10,42,4
11:34,2.5315,13.03,109,117,73,10,42,4
11:35,2.5352,13.03,109,118,73,10,42,4
11:36,2.5383,13.03,109,118,73,10,42,4
11:37,2.5420,13.03,107,119,72,10,42,4
11:38,2.5451,12.84,107,120,72,10,42,4
11:39,2.5501,12.84,107,118,72,10,42,4
11:40,2.5526,12.67,104,118,71,10,42,4
11:41,2.5557,12.67,104,119,71,10,42,4
11:42,2.5594,12.49,104,118,71,10,42,4
11:43,2.5613,12.67,104,117,71,10,42,4
11:44,2.5656,12.67,104,117,71,10,42,4
11:45,2.5694,12.67,102,119,70,10,42,4
11:46,2.5719,12.49,102,119,70,10,42,4
11:47,2.5756,12.49,102,119,70,10,42,4
11:48,2.5781,12.49,102,117,70,10,42,4
11:49,2.5818,12.67,107,116,72,10,42,4
11:50,2.5855,12.84,109,118,73,10,42,4
11:51,2.5880,13.03,109,118,73,10,42,4
11:52,2.5917,12.84,107,119,72,10,42,4
11:53,2.5961,12.84,107,119,72,10,42,4
11:54,2.5980,12.84,107,119,72,10,42,4
11:55,2.6017,12.84,109,118,73,10,42,4
11:56,2.6060,13.03,109,118,73,10,42,4
11:57,2.6091,13.03,109,118,73,10,42,4
11:58,2.6129,13.20,111,118,74,10,42,4
11:59,2.6160,13.20,111,118,74,10,42,4
12:00,2.6197,13.03,109,118,73,10,42,4
12:01,2.6216,12.84,104,119,71,10,42,4
12:02,2.6247,12.67,102,118,70,10,42,4
12:03,2.6278,12.32,102,117,70,10,42,4
12:04,2.6315,12.49,104,117,71,10,42,4
12:05,2.6340,12.67,104,117,71,10,42,4
12:06,2.6383,12.67,104,118,71,10,42,4
12:07,2.6408,12.67,104,118,71,10,42,4
12:08,2.6446,12.84,107,118,72,10,42,4
12:09,2.6470,12.84,107,117,72,10,42,4
12:10,2.6514,12.84,107,117,72,10,42,4
12:11,2.6545,12.84,107,118,72,10,42,4
12:12,2.6582,12.84,107,117,72,10,42,4
12:13,2.6620,12.84,107,118,72,10,42,4
12:14,2.6657,13.03,109,118,73,10,42,4
12:15,2.6682,12.84,109,118,73,10,42,4
12:16,2.6719,12.67,104,118,71,10,42,4
12:17,2.6744,12.49,102,118,70,10,42,4
12:18,2.6781,12.49,102,117,70,10,42,4
12:19,2.6812,12.49,100,117,69,10,42,4
12:20,2.6843,12.32,100,117,69,10,42,4
12:21,2.6881,12.32,100,117,69,10,42,4
12:22,2.6912,12.32,100,117,69,10,42,4
12:23,2.6949,12.14,97,117,68,10,42,4
12:24,2.6974,12.14,100,117,69,10,42,4
12:25,2.7017,12.49,102,117,70,10,42,4
12:26,2.7048,12.67,104,118,71,10,42,4
12:27,2.7086,12.67,104,117,71,10,42,4
12:28,2.7117,12.67,104,117,71,10,42,4
12:29,2.7148,12.49,102,117,70,10,42,4
12:30,2.7173,12.49,102,117,70,10,42,4
12:31,2.7216,12.32,100,119,69,10,42,4
12:32,2.7241,12.32,100,119,69,10,42,4
12:33,2.7284,12.14,97,118,68,10,42,4
12:34,2.7315,11.96,97,118,68,10,42,4
12:35,2.7340,11.96,97,119,68,10,42,4
12:36,2.7378,11.96,97,119,68,10,42,4
12:37,2.7415,11.96,97,117,68,10,42,4
12:38,2.7440,11.96,97,118,68,10,42,4
12:39,2.7477,11.78,93,118,66,10,42,4
12:40,2.7502,11.78,93,119,66,10,42,4
12:41,2.7539,11.78,95,117,67,10,42,4
12:42,2.7570,12.14,97,117,68,10,42,4
12:43,2.7595,12.14,97,117,68,10,42,4
12:44,2.7639,12.14,97,116,68,10,42,4
12:45,2.7676,12.14,97,117,68,10,42,4
12:46,2.7701,12.14,97,116,68,10,42,4
12:47,2.7726,12.14,95,116,67,10,42,4
12:48,2.7769,11.96,95,117,67,10,42,4
12:49,2.7794,11.78,93,117,66,10,42,4
12:50,2.7831,12.14,100,116,69,10,42,4
12:51,2.7850,12.32,104,117,71,10,42,1
12:52,2.7881,12.84,59,116,74,10,42,1
12:53,2.7900,13.20,60,116,75,10,42,1
12:54,2.7949,13.38,60,116,75,10,42,1
12:55,2.7974,13.20,59,116,74,10,42,1
12:56,2.7993,12.84,55,116,71,10,42,1
12:57,2.8030,12.84,58,116,73,10,42,1
12:58,2.8049,13.03,59,116,74,10,42,1
12:59,2.8080,13.20,58,117,73,10,42,1
13:00,2.8111,13.20,58,117,73,10,42,1
13:01,2.8148,13.20,60,117,75,10,42,1
13:02,2.8185,13.38,60,118,75,10,42,1
13:03,2.8210,13.38,62,118,76,10,42,1
13:04,2.8254,13.56,62,119,76,10,42,1
13:05,2.8291,13.56,62,118,76,10,42,1
13:06,2.8322,13.56,62,118,76,10,42,1
13:07,2.8366,13.74,65,117,78,10,42,1
13:08,2.8403,13.92,68,117,80,10,42,1
13:09,2.8446,14.45,69,117,81,3,13,8
13:10,2.8465,11.19,65,117,80,3,13,8
13:11,2.8496,11.05,65,117,80,3,13,8
13:12,2.8527,10.92,62,118,79,3,13,8
13:13,2.8558,10.92,62,119,79,3,13,8
13:14,2.8583,10.92,62,119,79,3,13,8
13:15,2.8614,10.78,61,119,78,3,13,8
13:16,2.8645,10.78,61,119,78,3,13,8
13:17,2.8676,10.78,61,118,78,3,13,8
13:18,2.8707,10.64,59,118,77,3,13,8
13:19,2.8732,10.50,59,118,77,3,13,8
13:20,2.8757,10.50,59,118,77,3,13,8
13:21,2.8788,10.50,59,118,77,3,13,8
13:22,2.8819,10.64,59,118,77,3,13,8
13:23,2.8850,10.64,59,117,77,3,13,8
13:24,2.8875,10.64,59,117,77,3,13,8
13:25,2.8900,10.50,58,117,76,3,13,8
13:26,2.8925,10.36,57,117,75,3,13,8
13:27,2.8950,10.50,58,118,76,3,13,8
13:28,2.8981,10.50,58,118,76,3,13,8
13:29,2.9006,10.50,58,119,76,3,13,8
13:30,2.9043,10.50,61,119,78,3,13,8
13:31,2.9062,10.78,62,120,79,3,13,8
13:32,2.9086,11.05,63,120,80,3,13,8
13:33,2.9117,11.05,63,120,80,3,13,8
13:34,2.9142,11.05,63,119,80,3,13,8
13:35,2.9167,11.05,62,118,79,3,13,8
13:36,2.9198,10.92,61,118,78,3,13,8
13:37,2.9223,10.92,61,119,78,3,13,8
13:38,2.9254,10.64,59,119,77,3,13,8
13:39,2.9279,10.50,58,120,76,3,13,8
13:40,2.9310,10.36,57,119,75,3,13,8
13:41,2.9329,10.36,58,119,76,3,13,8
13:42,2.9360,10.50,58,119,76,3,13,8
13:43,2.9397,10.50,59,119,77,3,13,8
13:44,2.9416,10.64,59,119,77,3,13,8
13:45,2.9441,10.92,62,120,79,3,13,8
13:46,2.9478,10.92,62,119,79,3,13,8
13:47,2.9503,10.92,62,119,79,3,13,8
13:48,2.9528,10.92,62,119,79,3,13,8
13:49,2.9559,10.92,62,120,79,3,13,8
13:50,2.9583,10.92,62,120,79,3,13,8
13:51,2.9621,10.78,61,120,78,3,13,8
13:52,2.9646,10.78,61,120,78,3,13,8
13:53,2.9683,10.78,61,120,78,3,13,8
13:54,2.9720,11.05,65,120,81,3,13,8
13:55,2.9733,11.19,65,120,81,3,13,8
13:56,2.9764,11.19,65,120,81,3,13,8
13:57,2.9795,11.19,65,121,81,3,13,8
13:58,2.9820,11.19,65,121,81,3,13,8
13:59,2.9851,11.19,66,122,82,3,13,8
14:00,2.9882,11.32,68,122,83,3,13,8
14:01,2.9907,11.60,69,122,84,3,13,8
14:02,2.9938,11.60,69,123,84,3,13,8
14:03,2.9969,11.60,68,123,83,3,13,8
14:04,2.9994,11.46,68,123,83,3,13,8
14:05,3.0025,11.32,66,123,82,3,13,8
14:06,3.0050,11.19,65,123,81,3,13,8
14:07,3.0081,11.05,65,123,81,3,13,8
14:08,3.0105,11.05,62,123,79,3,13,8
14:09,3.0136,10.92,62,122,79,3,13,8
14:10,3.0174,11.05,63,120,80,3,13,8
14:11,3.0199,11.19,65,120,81,3,13,8
14:12,3.0236,11.19,63,121,80,3,13,8
14:13,3.0255,11.05,63,122,80,3,13,8
14:14,3.0279,10.92,62,122,79,3,13,8
14:15,3.0310,10.92,62,122,79,3,13,8
14:16,3.0348,10.92,62,122,79,3,13,8
14:17,3.0373,10.92,63,122,80,3,13,8
14:18,3.0404,11.05,65,123,81,3,13,8
14:19,3.0422,11.19,65,121,81,3,13,8
14:20,3.0453,11.19,65,121,81,3,13,8
14:21,3.0484,11.19,65,123,81,3,13,8
14:22,3.0516,11.19,65,124,81,3,13,8
14:23,3.0547,11.19,65,124,81,3,13,8
14:24,3.0578,11.05,63,124,80,3,13,8
14:25,3.0609,11.05,62,123,79,3,13,8
14:26,3.0627,10.92,61,122,78,3,13,8
14:27,3.0652,10.78,59,121,77,3,13,8
14:28,3.0683,10.64,59,123,77,3,13,8
14:29,3.0708,10.64,59,122,77,3,13,8
14:30,3.0739,10.64,61,122,78,3,13,8
14:31,3.0770,10.78,61,122,78,3,13,8
14:32,3.0795,10.78,61,122,78,3,13,8
14:33,3.0832,10.78,61,121,78,3,13,8
14:34,3.0857,10.78,62,121,79,3,13,8
14:35,3.0882,10.92,62,119,79,3,13,8
14:36,3.0919,10.92,62,120,79,3,13,8
14:37,3.0944,10.92,62,120,79,3,13,8
14:38,3.0975,10.92,62,120,79,3,13,8
14:39,3.1000,10.92,62,120,79,3,13,8
14:40,3.1037,10.92,63,120,80,3,13,8
14:41,3.1062,11.05,63,121,80,3,13,8
14:42,3.1087,11.05,62,121,79,3,13,8
14:43,3.1124,10.92,62,121,79,3,13,8
14:44,3.1156,10.92,63,121,80,3,13,8
14:45,3.1193,11.05,63,121,80,3,13,8
14:46,3.1218,11.05,63,121,80,3,13,8
14:47,3.1243,11.05,65,121,81,3,13,8
14:48,3.1280,11.19,66,120,82,3,13,8
14:49,3.1311,11.32,66,121,82,3,13,8
14:50,3.1342,11.32,66,121,82,3,13,8
14:51,3.1373,11.32,65,121,81,3,13,8
14:52,3.1404,11.19,65,122,81,3,13,8
14:53,3.1435,11.19,65,123,81,3,13,8
14:54,3.1479,11.19,57,123,80,10,42,0
14:55,3.1500,12.73,57,123,80,10,42,0
14:56,3.1522,14.27,57,123,80,10,42,0
14:57,3.1553,14.27,56,122,79,10,42,0
14:58,3.1591,14.10,56,122,79,10,42,0
14:59,3.1640,14.27,58,121,81,10,42,0
15:00,3.1665,14.45,58,121,81,10,42,0
15:01,3.1709,14.63,60,121,82,10,42,0
15:02,3.1752,14.45,58,121,81,10,42,0
15:03,3.1783,14.45,57,121,80,10,42,0
15:04,3.1820,14.27,58,121,81,10,42,0
15:05,3.1864,14.45,60,121,82,10,42,0
15:06,3.1901,14.63,60,121,82,10,42,0
15:07,3.1945,14.63,60,122,82,10,42,0
15:08,3.1988,14.63,61,123,83,10,42,0
15:09,3.2025,14.81,61,123,83,10,42,0
15:10,3.2081,14.81,61,122,83,10,42,0
15:11,3.2112,14.81,60,122,82,10,42,0
15:12,3.2150,14.63,57,123,80,10,42,0
15:13,3.2193,14.27,57,123,80,10,42,0
15:14,3.2231,14.27,57,122,80,10,42,0
15:15,3.2268,14.27,58,123,81,10,42,0
15:16,3.2311,14.45,58,123,81,10,42,0
15:17,3.2349,14.45,58,123,81,10,42,0
15:18,3.2386,14.45,58,123,81,10,42,0
15:19,3.2436,14.45,58,123,81,10,42,0
15:20,3.2473,14.45,57,123,80,10,42,0
15:21,3.2510,14.27,57,123,80,10,42,0
15:22,3.2547,14.19,57,123,80,10,42,0
15:23,3.2585,14.10,56,123,79,10,42,0
15:24,3.2622,14.10,57,122,80,10,42,0
15:25,3.2644,14.19,57,122,80,10,42,0
15:26,3.2665,14.27,57,122,80,10,42,0
15:27,3.2728,14.27,58,122,81,10,42,0
15:28,3.2765,14.45,58,122,81,10,42,0
15:29,3.2802,14.45,60,122,82,10,42,0
15:30,3.2846,14.63,60,122,82,10,42,0
15:31,3.2883,14.63,60,122,82,10,42,0
15:32,3.2920,14.63,60,122,82,10,42,0
15:33,3.2970,14.63,69,122,82,8,33,3
15:34,3.3007,13.51,69,121,82,8,33,3
15:35,3.3045,13.42,69,121,82,8,33,3
15:36,3.3082,13.34,68,121,81,8,33,3
15:37,3.3119,13.34,68,121,81,8,33,3
15:38,3.3141,13.34,67,121,81,8,33,3
15:39,3.3163,13.34,66,121,80,8,33,3
15:40,3.3187,13.18,65,120,79,8,33,3
15:41,3.3231,13.01,65,120,79,8,33,3
15:42,3.3262,13.01,65,120,79,8,33,3
15:43,3.3293,13.01,64,120,78,8,33,3
15:44,3.3324,12.84,62,120,77,8,33,3
15:45,3.3361,12.68,61,120,76,8,33,3
15:46,3.3392,12.51,61,120,76,8,33,3
15:47,3.3424,12.51,61,120,76,8,33,3
15:48,3.3467,12.51,62,120,77,8,33,3
15:49,3.3492,12.68,64,120,78,8,33,3
15:50,3.3523,12.84,64,120,78,8,33,3
15:51,3.3566,12.84,94,121,75,10,42,3
15:52,3.3598,13.03,85,120,71,10,42,3
15:53,3.3616,12.67,78,120,67,10,42,3
15:54,3.3653,11.96,76,119,66,10,42,3
15:55,3.3681,11.87,75,119,66,10,42,3
15:56,3.3709,11.78,74,119,65,10,42,3
15:57,3.3722,11.60,72,119,64,10,42,3
15:58,3.3734,11.42,70,119,63,10,42,3
15:59,3.3772,11.23,72,118,64,10,42,3
16:00,3.3796,11.42,72,118,64,10,42,3
16:01,3.3827,11.42,74,118,65,10,42,3
16:02,3.3859,11.60,68,118,62,10,42,3
16:03,3.3883,11.06,63,118,59,10,42,3
16:04,3.3914,10.53,61,119,58,10,42,3
16:05,3.3933,10.35,59,120,57,10,42,3
16:06,3.3964,10.16,59,120,57,10,42,3
16:07,3.3995,10.16,61,120,58,10,42,3
16:08,3.4020,10.35,61,119,58,10,42,3
16:09,3.4045,10.35,63,120,59,10,42,3
16:10,3.4076,10.53,63,120,59,10,42,3
16:11,3.4101,10.53,63,121,59,10,42,3
16:12,3.4119,10.53,63,123,59,10,42,3
16:13,3.4157,10.71,63,124,59,10,42,3
16:14,3.4182,10.53,63,124,59,10,42,3
16:15,3.4206,10.53,65,126,60,10,42,3
16:16,3.4244,10.71,65,126,60,10,42,3
16:17,3.4269,10.71,65,126,60,10,42,3
16:18,3.4300,10.71,65,125,60,10,42,3
16:19,3.4331,10.71,65,125,60,10,42,3
16:20,3.4356,10.71,65,125,60,10,42,3
16:21,3.4387,10.71,66,124,61,10,42,3
16:22,3.4412,10.88,66,124,61,10,42,3
16:23,3.4443,10.88,68,124,62,10,42,3
16:24,3.4492,11.06,68,124,62,10,42,3
16:25,3.4505,11.06,68,124,62,10,42,3
16:26,3.4517,11.06,68,124,62,10,42,3
16:27,3.4554,11.06,68,124,62,10,42,3
16:28,3.4579,11.06,68,124,62,10,42,3
16:29,3.4610,11.06,68,124,62,10,42,3
16:30,3.4648,11.06,68,123,62,10,42,3
16:31,3.4679,11.06,68,123,62,10,42,3
16:32,3.4716,11.06,68,123,62,10,42,3
16:33,3.4741,11.06,68,122,62,10,42,3
16:34,3.4772,11.06,66,122,61,10,42,3
16:35,3.4803,10.88,66,123,61,10,42,3
16:36,3.4834,10.88,66,123,61,10,42,3
16:37,3.4859,10.88,68,123,62,10,42,3
16:38,3.4884,11.06,66,123,61,10,42,3
16:39,3.4915,10.88,66,122,61,10,42,3
16:40,3.4946,10.88,65,122,60,10,42,3
16:41,3.4971,10.71,66,122,61,10,42,3
16:42,3.5008,10.88,66,122,61,10,42,3
16:43,3.5033,10.88,68,122,62,10,42,3
16:44,3.5064,11.06,66,122,61,10,42,3
16:45,3.5089,10.88,66,122,61,10,42,3
16:46,3.5114,10.88,68,123,62,10,42,3
16:47,3.5139,11.06,74,123,65,10,42,3
16:48,3.5163,11.60,78,124,67,10,42,3
16:49,3.5194,11.96,78,124,67,10,42,3
16:50,3.5232,11.96,78,124,67,10,42,3
16:51,3.5263,11.96,80,124,68,10,42,3
16:52,3.5288,12.14,81,125,69,10,42,3
16:53,3.5309,12.23,82,125,70,10,42,3
16:54,3.5331,12.32,83,125,70,10,42,3
16:55,3.5368,12.49,83,125,70,10,42,3
16:56,3.5400,12.49,85,125,71,10,42,3
16:57,3.5437,12.67,85,124,71,10,42,3
16:58,3.5474,12.67,87,124,72,10,42,3
16:59,3.5518,12.84,90,124,73,10,42,3
17:00,3.5549,13.03,90,124,73,10,42,3
17:01,3.5580,13.03,90,126,73,10,42,3
17:02,3.5611,13.03,92,126,74,10,42,3
17:03,3.5654,13.20,92,127,74,10,42,3
17:04,3.5685,13.20,92,125,74,10,42,3
17:05,3.5729,13.20,92,124,74,10,42,3
17:06,3.5766,13.20,92,124,74,10,42,3
17:07,3.5797,13.20,92,125,74,10,42,3
17:08,3.5841,13.20,94,125,75,10,42,3
17:09,3.5872,13.38,96,125,76,10,42,3
17:10,3.5909,13.56,96,125,76,10,42,3
17:11,3.5953,13.56,96,122,76,6,25,8
17:12,3.5971,12.59,103,122.5,76,6,25,8
17:13,3.5990,11.62,109,123,75,6,25,8
17:14,3.6027,11.47,109,123,75,6,25,8
17:15,3.6064,11.47,107,123,74,6,25,8
17:16,3.6089,11.31,104,123,73,6,25,8
17:17,3.6114,11.17,107,123,74,6,25,8
17:18,3.6151,11.31,107,122,74,6,25,8
17:19,3.6182,11.31,104,122,73,6,25,8
17:20,3.6207,11.17,104,122,73,6,25,8
17:21,3.6245,11.17,104,122,73,6,25,8
17:22,3.6276,11.17,107,121,74,6,25,8
17:23,3.6300,11.31,109,121,75,6,25,8
17:24,3.6363,11.47,109,122,75,6,25,8
17:25,3.6378,11.47,108,122,75,6,25,8
17:26,3.6394,11.47,107,122,74,6,25,8
17:27,3.6419,11.31,109,121,75,6,25,8
17:28,3.6456,11.47,109,121,75,6,25,8
17:29,3.6487,11.47,109,121,75,6,25,8
17:30,3.6518,11.47,109,121,75,6,25,8
17:31,3.6555,11.47,109,121,75,6,25,8
17:32,3.6580,11.47,109,121,75,6,25,8
17:33,3.6611,11.47,111,122,76,6,25,8
17:34,3.6648,11.62,111,121,76,6,25,8
17:35,3.6680,11.62,111,120,76,6,25,8
17:36,3.6711,11.78,114,121,77,6,25,8
17:37,3.6735,11.78,114,122,77,6,25,8
17:38,3.6767,11.78,116,122,78,6,25,8
17:39,3.6804,11.93,116,121,78,6,25,8
17:40,3.6835,12.08,116,122,78,6,25,8
17:41,3.6866,11.93,116,122,78,6,25,8
17:42,3.6891,11.93,114,121,77,6,25,8
17:43,3.6922,11.78,116,121,78,6,25,8
17:44,3.6953,11.93,116,123,78,6,25,8
17:45,3.6978,11.78,114,122,77,6,25,8
17:46,3.7015,11.78,114,122,77,6,25,8
17:47,3.7046,11.78,111,122,76,6,25,8
17:48,3.7077,11.62,111,122,76,6,25,8
17:49,3.7114,11.62,111,122,76,6,25,8
17:50,3.7146,11.62,111,122,76,6,25,8
17:51,3.7170,11.62,114,122,77,6,25,8
17:52,3.7205,11.70,114,121.5,77,6,25,8
17:53,3.7239,11.78,114,121,77,6,25,8
17:54,3.7301,11.78,114,122,77,6,25,8
17:55,3.7320,11.78,114,122,77,6,25,8
17:56,3.7338,11.78,114,122,77,6,25,8
17:57,3.7363,11.78,114,122,77,6,25,8
17:58,3.7394,11.78,114,122,77,6,25,8
17:59,3.7431,11.78,114,121,77,6,25,8
18:00,3.7462,11.78,114,121,77,6,25,8
18:01,3.7494,11.78,114,121,77,6,25,8
18:02,3.7525,11.78,114,121,77,6,25,8
18:03,3.7562,11.78,116,121,78,6,25,8
18:04,3.7587,11.93,114,121,77,6,25,8
18:05,3.7618,11.78,116,121,78,6,25,8
18:06,3.7655,11.78,114,121,77,6,25,8
18:07,3.7680,11.78,111,122,76,6,25,8
18:08,3.7699,11.70,110,122,76,6,25,8
18:09,3.7717,11.62,109,122,75,6,25,8
18:10,3.7773,11.62,111,122,76,6,25,8
18:11,3.7789,11.62,113,121.5,77,6,25,8
18:12,3.7804,11.62,114,121,77,6,25,8
18:13,3.7866,11.93,116,122,78,6,25,8
18:14,3.7897,11.93,114,122,77,6,25,8
18:15,3.7916,11.85,114,122,77,6,25,8
18:16,3.7935,11.78,114,122,77,6,25,8
18:17,3.7966,11.78,114,122,77,6,25,8
18:18,3.7991,11.78,116,122,78,6,25,8
18:19,3.8034,11.93,116,122,78,6,25,8
18:20,3.8065,11.93,114,122,77,6,25,8
18:21,3.8102,11.78,114,122,77,6,25,8
18:22,3.8134,11.78,114,122,77,6,25,8
18:23,3.8158,11.78,111,122,76,6,25,8
18:24,3.8196,11.62,111,122,76,6,25,8
18:25,3.8252,11.62,111,122,76,6,25,8
18:26,3.8276,11.62,111,122,76,6,25,8
18:27,3.8292,11.62,111,122,76,6,25,8
18:28,3.8308,11.62,111,122,76,6,25,8
18:29,3.8345,11.62,114,121,77,6,25,8
18:30,3.8382,11.78,114,121,77,6,25,8
18:31,3.8419,11.78,114,121,77,6,25,8
18:32,3.8450,11.78,114,121,77,6,25,8
18:33,3.8475,11.78,114,121,77,6,25,8
18:34,3.8506,11.78,111,121,76,6,25,8
18:35,3.8537,11.62,114,122,77,6,25,8
18:36,3.8568,11.78,114,122,77,6,25,8
18:37,3.8600,11.78,114,122,77,6,25,8
18:38,3.8631,11.78,116,122,78,6,25,8
18:39,3.8662,11.93,116,122,78,6,25,8
18:40,3.8693,11.93,116,121,78,6,25,8
18:41,3.8724,11.93,116,121,78,6,25,8
18:42,3.8767,11.93,116,122,78,6,25,8
18:43,3.8792,11.93,114,122,77,6,25,8
18:44,3.8823,11.78,114,122,77,6,25,8
18:45,3.8861,11.78,114,122,77,6,25,8
18:46,3.8892,11.78,114,122,77,6,25,8
18:47,3.8929,11.78,114,122,77,6,25,8
18:48,3.8960,11.78,114,122,77,6,25,8
18:49,3.8985,11.78,114,122,77,6,25,8
18:50,3.9010,11.62,111,122,76,6,25,8
18:51,3.9047,11.62,111,122,76,6,25,8
18:52,3.9090,11.62,59,121,77,3,13,8
18:53,3.9122,10.64,62,121,79,3,13,8
18:54,3.9153,11.05,65,121,81,3,13,8
18:55,3.9177,11.19,66,121,82,3,13,8
18:56,3.9202,11.32,66,122,82,3,13,8
18:57,3.9233,11.32,66,122,82,3,13,8
18:58,3.9271,11.32,66,122,82,3,13,8
18:59,3.9302,11.32,66,123,82,3,13,8
19:00,3.9327,11.32,66,123,82,3,13,8
19:01,3.9364,11.32,66,123,82,3,13,8
19:02,3.9395,11.32,66,123,82,3,13,8
19:03,3.9423,11.32,66,123,82,3,13,8
19:04,3.9451,11.32,66,123,82,3,13,8
19:05,3.9488,11.32,66,123,82,3,13,8
19:06,3.9525,11.32,66,123,82,3,13,8
19:07,3.9541,11.32,66,123,82,3,13,8
19:08,3.9556,11.32,66,123,82,3,13,8
19:09,3.9588,11.32,66,123,82,3,13,8
19:10,3.9619,11.32,66,122,82,3,13,8
19:11,3.9656,11.32,66,122,82,3,13,8
19:12,3.9699,11.32,65,123,81,3,13,8
19:13,3.9718,11.26,65,122.5,81,3,13,8
19:14,3.9737,11.19,65,122,81,3,13,8
19:15,3.9793,11.05,63,123,80,3,13,8
19:16,3.9811,11.05,67,123,79,3,11,9
19:17,3.9830,11.05,70,123,78,2,8,10
19:18,3.9855,10.44,70,123,78,2,8,10
19:19,3.9880,10.31,68,123,77,2,8,10
19:20,3.9917,10.31,68,123,77,2,8,10
19:21,3.9942,10.31,68,123,77,2,8,10
19:22,3.9973,10.31,68,122,77,2,8,10
19:23,3.9998,10.31,68,122,77,2,8,10
19:24,4.0041,10.31,73,122,80,2,8,10
19:25,4.0054,10.57,75,122,81,2,8,10
19:26,4.0066,10.84,76,122,82,2,8,10
19:27,4.0103,10.97,76,123,82,2,8,10
19:28,4.0134,10.97,76,123,82,2,8,10
19:29,4.0165,10.97,75,123,81,2,8,10
19:30,4.0196,10.84,73,123,80,2,8,10
19:31,4.0215,10.71,73,123,80,2,8,10
19:32,4.0252,10.71,73,123,80,2,8,10
19:33,4.0283,10.71,73,122,80,2,8,10
19:34,4.0308,10.71,73,122,80,2,8,10
19:35,4.0346,10.71,73,122,80,2,8,10
19:36,4.0370,10.71,73,122,80,2,8,10
19:37,4.0402,10.71,73,122,80,2,8,10
19:38,4.0433,10.71,73,122,80,2,8,10
19:39,4.0457,10.71,72,122,79,2,8,10
19:40,4.0489,10.58,72,122,79,2,8,10
19:41,4.0520,10.58,72,122,79,2,8,10
19:42,4.0544,10.58,72,123,79,2,8,10
19:43,4.0576,10.58,72,123,79,2,8,10
19:44,4.0607,10.58,72,123,79,2,8,10
19:45,4.0638,10.58,72,123,79,2,8,10
19:46,4.0663,10.58,72,122,79,2,8,10
19:47,4.0694,10.58,73,122,80,2,8,10
19:48,4.0712,10.71,75,122,81,2,8,10
19:49,4.0743,10.84,75,122,81,2,8,10
19:50,4.0768,10.84,75,122,81,2,8,10
19:51,4.0805,10.84,75,123,81,2,8,10
19:52,4.0830,10.84,75,123,81,2,8,10
19:53,4.0861,10.84,75,123,81,2,8,10
19:54,4.0899,10.97,75,123,81,2,8,10
19:55,4.0920,10.91,76,123,82,2,8,10
19:56,4.0942,10.84,76,123,82,2,8,10
19:57,4.0973,10.97,78,124,83,2,8,10
19:58,4.0998,11.10,78,124,83,2,8,10
19:59,4.1029,11.10,78,124,83,2,8,10
20:00,4.1060,11.10,78,124,83,2,8,10
20:01,4.1091,10.97,76,125,82,2,8,10
20:02,4.1122,10.97,76,124,82,2,8,10
20:03,4.1153,10.97,75,124,81,2,8,10
20:04,4.1184,10.84,75,123,81,2,8,10
20:05,4.1203,10.84,73,124,80,2,8,10
20:06,4.1240,10.58,72,123,79,2,8,10
20:07,4.1265,10.58,72,123,79,2,8,10
20:08,4.1290,10.58,72,124,79,2,8,10
20:09,4.1327,10.58,72,123,79,2,8,10
20:10,4.1352,10.58,72,123,79,2,8,10
20:11,4.1377,10.58,72,124,79,2,8,10
20:12,4.1408,10.58,72,124,79,2,8,10
20:13,4.1445,10.58,73,124,80,2,8,10
20:14,4.1464,10.71,75,125,81,2,8,10
20:15,4.1483,10.77,75,125,81,2,8,10
20:16,4.1501,10.84,75,125,81,2,8,10
20:17,4.1551,10.84,72,125,79,2,8,10
20:18,4.1570,10.71,72,125,79,2,8,10
20:19,4.1588,10.58,72,125,79,2,8,10
20:20,4.1638,10.71,73,124,80,2,8,10
20:21,4.1654,10.71,73,124,80,2,8,10
20:22,4.1669,10.71,73,124,80,2,8,10
20:23,4.1725,10.71,72,124,79,2,8,10
20:24,4.1775,10.58,72,125,79,2,8,10
20:25,4.1787,10.58,72,125,79,2,8,10
20:26,4.1800,10.58,72,125,79,2,8,10
20:27,4.1837,10.58,72,125,79,2,8,10
20:28,4.1862,10.58,72,125,79,2,8,10
20:29,4.1893,10.58,72,125,79,2,8,10
20:30,4.1918,10.58,70,125,78,2,8,10
20:31,4.1949,10.44,68,125,77,2,8,10
20:32,4.1980,10.31,68,125,77,2,8,10
20:33,4.2011,10.31,70,123,78,2,8,10
20:34,4.2030,10.44,70,123,78,2,8,10
20:35,4.2061,10.44,70,123,78,2,8,10
20:36,4.2092,10.44,70,123,78,2,8,10
20:37,4.2117,10.44,70,123,78,2,8,10
20:38,4.2141,10.44,70,123,78,2,8,10
20:39,4.2179,10.44,70,123,78,2,8,10
20:40,4.2204,10.44,70,123,78,2,8,10
20:41,4.2228,10.44,70,122,78,2,8,10
20:42,4.2259,10.44,72,122,79,2,8,10
20:43,4.2291,10.58,72,123,79,2,8,10
20:44,4.2306,10.58,71,123,79,2,8,10
20:45,4.2322,10.58,70,123,78,2,8,10
20:46,4.2378,10.44,68,123,77,2,8,10
20:47,4.2390,10.44,69,123,78,2,8,10
20:48,4.2402,10.44,70,123,78,2,8,10
20:49,4.2464,10.44,70,123,78,2,8,10
20:50,4.2483,10.44,72,122,79,2,8,10
20:51,4.2502,10.51,72,122,79,2,8,10
20:52,4.2520,10.58,72,122,79,2,8,10
20:53,4.2570,10.58,72,122,79,2,8,10
20:54,4.2592,10.58,74,122,80,2,8,10
20:55,4.2614,10.58,75,122,81,2,8,10
20:56,4.2651,10.84,75,122,81,2,8,10
20:57,4.2676,10.84,75,123,81,2,8,10
20:58,4.2701,10.84,73,123,80,2,8,10
20:59,4.2732,10.71,73,123,80,2,8,10
21:00,4.2757,10.71,75,123,81,2,8,10
21:01,4.2788,10.84,75,123,81,2,8,10
21:02,4.2825,10.84,75,123,81,2,8,10
21:03,4.2850,10.84,75,123,81,2,8,10
21:04,4.2875,10.84,73,123,80,2,8,10
21:05,4.2906,10.58,70,123,78,2,8,10
21:06,4.2924,10.44,67,123,76,2,8,10
21:07,4.2962,10.16,67,123,76,2,8,10
21:08,4.2986,10.10,67,123,76,2,8,10
21:09,4.3011,10.03,67,123,76,2,8,10
21:10,4.3027,10.10,68,123,77,2,8,10
21:11,4.3042,10.16,68,123,77,2,8,10
21:12,4.3067,10.31,70,123,78,2,8,10
21:13,4.3092,10.44,70,123,78,2,8,10
21:14,4.3123,10.44,70,123,78,2,8,10
21:15,4.3154,10.44,70,123,78,2,8,10
21:16,4.3179,10.44,70,123,78,2,8,10
21:17,4.3204,10.44,70,123,78,2,8,10
21:18,4.3241,10.44,70,123,78,2,8,10
21:19,4.3291,10.44,70,123,78,2,8,10
21:20,4.3310,10.44,70,123,78,2,8,10
21:21,4.3328,10.44,70,123,78,2,8,10
21:22,4.3347,10.44,73,123,80,2,8,10
21:23,4.3378,10.71,73,122,80,2,8,10
21:24,4.3409,10.71,73,122,80,2,8,10
21:25,4.3434,10.71,73,122,80,2,8,10
21:26,4.3477,10.71,72,122,79,2,8,10
21:27,4.3502,10.58,70,122,78,2,8,10
21:28,4.3521,10.44,68,123,77,2,8,10
21:29,4.3552,10.31,70,123,78,2,8,10
21:30,4.3577,10.44,70,123,78,2,8,10
21:31,4.3602,10.44,70,122,78,2,8,10
21:32,4.3633,10.44,70,122,78,2,8,10
21:33,4.3664,10.44,70,121,78,2,8,10
21:34,4.3689,10.44,70,122,78,2,8,10
21:35,4.3713,10.44,70,122,78,2,8,10
21:36,4.3751,10.44,72,122,79,2,8,10
21:37,4.3769,10.58,72,122,79,2,8,10
21:38,4.3819,10.58,72,122,79,2,8,10
21:39,4.3844,10.58,72,122,79,2,8,10
21:40,4.3872,10.58,71,121.5,79,2,8,10
21:41,4.3900,10.58,70,121,78,2,8,10
21:42,4.3931,10.44,70,121,78,2,8,10
21:43,4.3956,10.44,70,121,78,2,8,10
21:44,4.3987,10.44,70,121,78,2,8,10
21:45,4.4018,10.44,70,121,78,2,8,10
21:46,4.4049,10.44,70,121.5,78,2,8,10
21:47,4.4080,10.44,70,122,78,2,8,10
21:48,4.4105,10.44,70,122,78,2,8,10
21:49,4.4130,10.44,70,122,78,2,8,10
21:50,4.4167,10.44,68,121,77,2,8,10
21:51,4.4186,10.37,90,121.5,77,4,17,9
21:52,4.4204,10.31,111,122,76,6,25,8
21:53,4.4235,11.62,107,122,74,6,25,8
21:54,4.4260,11.31,100,122,71,6,25,8
21:55,4.4304,10.71,93,121,68,6,25,8
21:56,4.4316,10.55,93,120.5,68,6,25,8
21:57,4.4329,10.40,93,120,68,6,25,8
21:58,4.4353,10.40,93,120,68,6,25,8
21:59,4.4378,10.25,91,120,67,6,25,8
22:00,4.4403,10.25,82,120,63,6,25,8
22:01,4.4428,9.64,78,120,61,6,25,8
22:02,4.4453,9.33,73,120,59,6,25,8
22:03,4.4478,8.87,71,120,58,6,25,8
22:04,4.4496,8.87,73,120,59,6,25,8
22:05,4.4515,9.02,75,120,60,6,25,8
22:06,4.4546,9.18,78,120,61,6,25,8
22:07,4.4571,9.18,75,120,60,6,25,8
22:08,4.4596,9.18,78,121,61,6,25,8
22:09,4.4627,9.18,80,121,62,6,25,8
22:10,4.4652,9.48,82,121,63,6,25,8
22:11,4.4670,9.64,80,122,62,6,25,8
22:12,4.4701,9.48,80,122,62,6,25,8
22:13,4.4726,9.48,80,122,62,6,25,8
22:14,4.4751,9.48,80,121,62,6,25,8
22:15,4.4782,9.48,82,121,63,6,25,8
22:16,4.4801,9.64,82,121,63,6,25,8
22:17,4.4832,9.64,84,122,64,6,25,8
22:18,4.4863,9.79,82,122,63,6,25,8
22:19,4.4888,9.64,82,122,63,6,25,8
22:20,4.4913,9.64,84,122,64,6,25,8
22:21,4.4938,9.79,89,122,66,6,25,8
22:22,4.4962,10.10,89,122,66,6,25,8
22:23,4.4993,10.10,91,123,67,6,25,8
22:24,4.5018,10.25,95,123,69,6,25,8
22:25,4.5049,10.71,102,123,72,6,25,8
22:26,4.5080,11.01,104,124,73,6,25,8
22:27,4.5096,11.09,104,124,73,6,25,8
22:28,4.5112,11.17,104,124,73,6,25,8
22:29,4.5143,11.17,104,124,73,6,25,8
22:30,4.5167,11.17,107,124,74,6,25,8
22:31,4.5199,11.31,111,125,76,6,25,8
22:32,4.5236,11.62,111,125,76,6,25,8
22:33,4.5267,11.62,111,125,76,6,25,8
22:34,4.5292,11.62,109,125,75,6,25,8
22:35,4.5323,11.31,107,125,74,6,25,8
22:36,4.5348,11.31,104,125,73,6,25,8
22:37,4.5385,11.17,104,125,73,6,25,8
22:38,4.5416,11.17,104,125,73,6,25,8
22:39,4.5447,11.17,104,125,73,6,25,8
22:40,4.5478,11.17,104,124,73,6,25,8
22:41,4.5509,11.17,104,124,73,6,25,8
22:42,4.5540,11.17,104,123,73,6,25,8
22:43,4.5571,11.17,102,124,72,6,25,8
22:44,4.5602,11.01,102,124,72,6,25,8
22:45,4.5633,11.01,104,123,73,6,25,8
22:46,4.5658,11.17,104,123,73,6,25,8
22:47,4.5683,11.17,104,123,73,6,25,8
22:48,4.5714,11.01,102,123,72,6,25,8
22:49,4.5745,11.01,102,123,72,6,25,8
22:50,4.5783,11.01,102,123,72,6,25,8
22:51,4.5807,11.01,107,123,74,6,25,8
22:52,4.5839,11.31,107,123,74,6,25,8
22:53,4.5870,11.31,109,123,75,6,25,8
22:54,4.5901,11.47,109,124,75,6,25,8
22:55,4.5926,11.39,108,123.5,75,6,25,8
22:56,4.5950,11.31,107,123,74,6,25,8
22:57,4.5988,11.31,104,123,73,6,25,8
22:58,4.6013,11.17,104,123,73,6,25,8
22:59,4.6044,11.17,104,123,73,6,25,8
23:00,4.6081,11.17,104,123,73,6,25,8
23:01,4.6106,11.17,102,123,72,6,25,8
23:02,4.6131,11.01,104,122,73,6,25,8
23:03,4.6168,11.17,104,122,73,6,25,8
23:04,4.6193,11.17,107,122,74,6,25,8
23:05,4.6224,11.31,109,122,75,6,25,8
23:06,4.6255,11.47,109,122,75,6,25,8
23:07,4.6286,11.47,109,122,75,6,25,8
23:08,4.6317,11.47,109,122,75,6,25,8
23:09,4.6348,11.47,109,121,75,6,25,8
23:10,4.6385,11.47,107,121,74,6,25,8
23:11,4.6410,11.31,107,120,74,6,25,8
23:12,4.6447,11.31,107,120,74,6,25,8
23:13,4.6479,11.31,107,119,74,6,25,8
23:14,4.6510,11.31,104,119,73,6,25,8
23:15,4.6547,11.17,104,119,73,6,25,8
23:16,4.6566,11.17,102,119,72,6,25,8
23:17,4.6603,11.01,102,119,72,6,25,8
23:18,4.6640,11.01,102,119,72,6,25,8
23:19,4.6665,11.01,102,119,72,6,25,8
23:20,4.6690,11.01,104,119,73,6,25,8
23:21,4.6721,11.09,103,119,73,6,25,8
23:22,4.6752,11.17,102,119,72,6,25,8
23:23,4.6777,11.01,102,119,72,6,25,8
23:24,4.6808,11.01,105,119,73,6,25,8
23:25,4.6839,11.01,107,119,74,6,25,8
23:26,4.6858,11.31,109,119,75,6,25,8
23:27,4.6876,11.39,109,119,75,6,25,8
23:28,4.6895,11.47,109,119,75,6,25,8
23:29,4.6932,11.47,109,120,75,6,25,8
23:30,4.6957,11.47,107,120,74,6,25,8
23:31,4.6988,11.31,107,121,74,6,25,8
23:32,4.7025,11.31,107,122,74,6,25,8
23:33,4.7050,11.31,109,122,75,6,25,8
23:34,4.7081,11.47,107,122,74,6,25,8
23:35,4.7119,11.31,107,122,74,6,25,8
23:36,4.7143,11.31,107,122,74,6,25,8
23:37,4.7174,11.31,107,122,74,6,25,8
23:38,4.7212,11.31,104,122,73,6,25,8
23:39,4.7237,11.17,104,122,73,6,25,8
23:40,4.7274,11.31,107,122,74,6,25,8
23:41,4.7305,11.31,107,122,74,6,25,8
23:42,4.7330,11.31,107,121,74,6,25,8
23:43,4.7367,11.31,107,121,74,6,25,8
23:44,4.7398,11.31,107,121,74,6,25,8
23:45,4.7429,11.31,107,121,74,6,25,8
23:46,4.7454,11.31,107,121,74,6,25,8
23:47,4.7491,11.31,107,121,74,6,25,8
23:48,4.7522,11.31,109,120,75,6,25,8
23:49,4.7554,11.47,109,120,75,6,25,8
23:50,4.7585,11.62,111,120,76,6,25,8
23:51,4.7609,11.62,114,120,77,6,25,8
23:52,4.7653,11.78,114,120,77,6,25,8
23:53,4.7684,11.78,111,120,76,6,25,8
23:54,4.7715,11.62,111,120,76,6,25,8
23:55,4.7746,11.62,109,120,75,6,25,8
23:56,4.7771,11.47,107,120,74,6,25,8
23:57,4.7802,11.31,107,120,74,6,25,8
23:58,4.7839,11.31,107,120,74,6,25,8
23:59,4.7864,11.31,104,119,73,6,25,8
24:00,4.7895,11.17,104,118,73,6,25,8
24:01,4.7933,11.17,104,118,73,6,25,8
24:02,4.7957,11.17,104,118,73,6,25,8
24:03,4.7988,11.17,104,118,73,6,25,8
24:04,4.8020,11.01,102,118,72,6,25,8
24:05,4.8051,11.01,102,118,72,6,25,8
24:06,4.8075,11.01,102,118,72,6,25,8
24:07,4.8100,11.01,100,119,71,6,25,8
24:08,4.8138,11.01,102,119,72,6,25,8
24:09,4.8169,11.01,102,119,72,6,25,8
24:10,4.8203,11.01,103,119,73,6,25,8
24:11,4.8237,11.01,104,119,73,6,25,8
24:12,4.8256,11.17,107,119,74,6,25,8
24:13,4.8293,11.31,107,120,74,6,25,8
24:14,4.8324,11.31,107,120,74,6,25,8
24:15,4.8355,11.31,107,120,74,6,25,8
24:16,4.8386,11.31,107,120,74,6,25,8
24:17,4.8417,11.31,107,120,74,6,25,8
24:18,4.8442,11.31,109,120,75,6,25,8
24:19,4.8458,11.39,109,120,75,6,25,8
24:20,4.8473,11.47,109,120,75,6,25,8
24:21,4.8542,11.31,107,121,74,6,25,8
24:22,4.8560,11.31,107,120.5,74,6,25,8
24:23,4.8579,11.31,107,120,74,6,25,8
24:24,4.8604,11.31,109,120,75,6,25,8
24:25,4.8660,11.47,111,120,76,6,25,8
24:26,4.8691,11.54,110,120,76,6,25,8
24:27,4.8722,11.62,109,120,75,6,25,8
24:28,4.8753,11.47,107,120,74,6,25,8
24:29,4.8787,11.39,107,120,74,6,25,8
24:30,4.8821,11.31,107,120,74,6,25,8
24:31,4.8846,11.31,104,120,73,6,25,8
24:32,4.8877,11.17,104,120,73,6,25,8
24:33,4.8896,11.09,103,120,73,6,25,8
24:34,4.8914,11.01,102,120,72,6,25,8
24:35,4.8939,11.01,102,120,72,6,25,8
24:36,4.8964,11.01,107,120,74,6,25,8
24:37,4.9001,11.31,109,120,75,6,25,8
24:38,4.9039,11.47,114,120,76,8,33,6
24:39,4.9070,12.51,114,120,76,8,33,6
24:40,4.9101,12.51,114,120,76,8,33,6
24:41,4.9132,12.51,114,120,76,8,33,6
24:42,4.9169,12.51,111,121,75,8,33,6
24:43,4.9194,12.35,111,120,75,8,33,6
24:44,4.9231,12.35,111,120,75,8,33,6
24:45,4.9275,12.35,109,120,74,8,33,6
24:46,4.9306,12.18,109,120,74,8,33,6
24:47,4.9337,12.18,107,120,73,8,33,6
24:48,4.9368,12.02,109,120,74,8,33,6
24:49,4.9399,12.18,109,120,74,8,33,6
24:50,4.9436,12.18,109,120,74,8,33,6
24:51,4.9467,12.18,107,120,73,8,33,6
24:52,4.9511,12.02,55,120,73,5,21,6
24:53,4.9545,11.62,59,120,76,5,21,6
24:54,4.9579,11.22,63,120,79,5,21,6
24:55,4.9592,11.44,64,120,80,5,21,6
24:56,4.9604,11.66,65,120,80,5,21,6
24:57,4.9629,11.66,66,120,81,5,21,6
24:58,4.9666,11.96,67,121,82,5,21,6
24:59,4.9697,12.10,67,121,82,5,21,6
25:00,4.9728,12.10,67,121,82,5,21,6
25:01,4.9759,12.10,67,121,82,5,21,6
25:02,4.9797,12.10,66,121,81,5,21,6
25:03,4.9828,11.96,66,121,81,5,21,6
25:04,4.9859,11.96,66,122,81,5,21,6
25:05,4.9896,11.96,66,122,81,5,21,6
25:06,4.9927,11.96,66,122,81,5,21,6
25:07,4.9958,11.96,65,122,80,5,21,6
25:08,4.9989,11.81,62,122,78,5,21,6
25:09,5.0014,11.51,62,121,78,5,21,6
25:10,5.0039,11.51,60,121,77,5,21,6
25:11,5.0076,11.37,60,121,77,5,21,6
25:12,5.0101,11.37,60,121,77,5,21,6
25:13,5.0132,11.51,60,120,77,5,21,6
25:14,5.0157,11.37,62,120,78,5,21,6
25:15,5.0194,11.37,60,120,77,5,21,6
25:16,5.0219,11.37,60,121,77,5,21,6
25:17,5.0250,11.37,60,121,77,5,21,6
25:18,5.0288,11.37,60,121,77,5,21,6
25:19,5.0306,11.37,62,121,78,5,21,6
25:20,5.0343,11.51,62,123,78,5,21,6
25:21,5.0375,11.37,59,123,76,5,21,6
25:22,5.0406,11.22,59,123,76,5,21,6
25:23,5.0430,11.22,60,123,77,5,21,6
25:24,5.0468,11.37,60,123,77,5,21,6
25:25,5.0493,11.37,61,123,78,5,21,6
25:26,5.0517,11.37,62,123,78,5,21,6
25:27,5.0555,11.51,63,123,79,5,21,6
25:28,5.0592,11.66,65,123,80,5,21,6
25:29,5.0623,11.81,66,122,81,5,21,6
25:30,5.0660,11.96,66,121,81,5,21,6
25:31,5.0691,11.96,66,121,81,5,21,6
25:32,5.0723,11.96,66,121,81,5,21,6
25:33,5.0754,11.96,67,121,82,5,21,6
25:34,5.0791,12.10,67,121,82,5,21,6
25:35,5.0822,12.10,66,122,81,5,21,6
25:36,5.0859,11.96,66,122,81,5,21,6
25:37,5.0890,11.96,66,123,81,5,21,6
25:38,5.0915,11.96,65,123,80,5,21,6
25:39,5.0946,11.81,63,123,79,5,21,6
25:40,5.0983,11.66,62,123,78,5,21,6
25:41,5.1008,11.51,62,123,78,5,21,6
25:42,5.1046,11.51,62,123,78,5,21,6
25:43,5.1077,11.51,62,123,78,5,21,6
25:44,5.1108,11.51,63,124,79,5,21,6
25:45,5.1139,11.66,65,124,80,5,21,6
25:46,5.1176,11.81,65,124,80,5,21,6
25:47,5.1210,11.81,65,124,80,5,21,6
25:48,5.1244,11.81,65,124,80,5,21,6
25:49,5.1269,11.81,63,124,79,5,21,6
25:50,5.1300,11.66,63,124,79,5,21,6
25:51,5.1344,11.66,63,124,79,5,21,6
25:52,5.1359,11.66,63,124,79,5,21,6
25:53,5.1375,11.66,63,124,79,5,21,6
25:54,5.1400,11.66,65,123,80,5,21,6
25:55,5.1437,11.81,63,122,79,5,21,6
25:56,5.1493,11.66,63,122,79,5,21,6
25:57,5.1512,11.66,63,122,79,6,25,5
25:58,5.1530,11.66,63,122,79,7,29,4
25:59,5.1568,12.53,64,123,79,7,29,4
26:00,5.1605,12.53,63,123,78,7,29,4
26:01,5.1630,12.37,60,123,76,7,29,4
26:02,5.1661,12.05,60,123,76,7,29,4
26:03,5.1698,12.05,60,122,76,7,29,4
26:04,5.1729,12.05,62,122,77,7,29,4
26:05,5.1760,12.21,63,122,78,7,29,4
26:06,5.1791,12.37,64,122,79,7,29,4
26:07,5.1829,12.53,64,122,79,7,29,4
26:08,5.1860,12.53,64,123,79,7,29,4
26:09,5.1891,12.53,66,123,80,7,29,4
26:10,5.1928,12.69,67,123,81,7,29,4
26:11,5.1953,13.01,69,123,82,7,29,4
26:12,5.1990,13.01,70,123,83,7,29,4
26:13,5.2021,13.17,72,123,84,7,29,4
26:14,5.2052,13.32,73,123,85,7,29,4
26:15,5.2096,13.48,73,123,85,7,29,4
26:16,5.2127,13.48,72,123,84,7,29,4
26:17,5.2158,13.32,70,124,83,7,29,4
26:18,5.2189,13.17,69,124,82,7,29,4
26:19,5.2226,13.01,69,124,82,7,29,4
26:20,5.2257,13.01,67,124,81,7,29,4
26:21,5.2301,12.84,67,124,81,7,29,4
26:22,5.2338,12.84,67,123,81,7,29,4
26:23,5.2382,12.84,67,123,81,7,29,4
26:24,5.2425,12.84,66,123,80,7,29,4
26:25,5.2447,12.77,66,123.5,80,7,29,4
26:26,5.2469,12.69,66,124,80,7,29,4
26:27,5.2500,12.69,66,123,80,7,29,4
26:28,5.2543,12.69,66,123,80,7,29,4
26:29,5.2568,12.69,67,123,81,7,29,4
26:30,5.2599,12.84,66,123,80,7,29,4
26:31,5.2636,12.69,64,123,79,7,29,4
26:32,5.2661,12.53,62,123,77,7,29,4
26:33,5.2692,12.21,62,123,77,7,29,4
26:34,5.2730,12.37,64,123,79,7,29,4
26:35,5.2754,12.53,66,123,80,7,29,4
26:36,5.2792,12.69,69,123,82,7,29,4
26:37,5.2823,12.93,70,123.5,83,7,29,4
26:38,5.2854,13.17,70,124,83,7,29,4
26:39,5.2872,13.09,70,124,83,7,29,4
26:40,5.2891,13.01,70,124,83,7,29,4
26:41,5.2922,13.01,67,124,81,7,29,4
26:42,5.2947,12.84,66,123,80,7,29,4
26:43,5.2991,12.69,66,123,80,7,29,4
26:44,5.3022,12.69,66,123,80,7,29,4
26:45,5.3084,12.84,67,123,81,7,29,4
26:46,5.3105,12.84,67,123,81,7,29,4
26:47,5.3127,12.84,67,123,81,7,29,4
26:48,5.3158,12.84,66,124,80,7,29,4
26:49,5.3189,12.69,66,124,80,7,29,4
26:50,5.3227,12.84,66,124,80,7,29,4
26:51,5.3258,12.69,66,124,80,7,29,4
26:52,5.3301,12.69,66,124,80,7,29,4
26:53,5.3332,12.69,67,124,81,7,29,4
26:54,5.3363,12.84,67,123,81,7,29,4
26:55,5.3444,12.84,66,123,80,7,29,4
26:56,5.3457,12.77,65,123,80,7,29,4
26:57,5.3469,12.69,64,123,79,7,29,4
26:58,5.3512,12.53,64,124,79,7,29,4
26:59,5.3544,12.53,66,124,80,7,29,4
27:00,5.3568,12.69,67,124,81,7,29,4
27:01,5.3606,12.84,67,125,81,7,29,4
27:02,5.3649,12.84,67,125,81,7,29,4
27:03,5.3680,12.84,66,124,80,7,29,4
27:04,5.3724,12.69,66,124,80,7,29,4
27:05,5.3749,12.69,67,123,81,7,29,4
27:06,5.3786,12.84,67,123,81,7,29,4
27:07,5.3811,12.84,67,122,81,7,29,4
27:08,5.3860,13.01,69,122,82,7,29,4
27:09,5.3898,13.01,69,123,82,7,29,4
27:10,5.3935,13.17,69,123,82,7,29,4
27:11,5.3960,13.17,67,123,81,7,29,4
27:12,5.3985,12.84,66,123,80,7,29,4
27:13,5.4028,12.69,66,123,80,7,29,4
27:14,5.4059,12.69,67,123,81,7,29,4
27:15,5.4090,12.84,67,123,81,7,29,4
27:16,5.4121,12.69,64,123,79,7,29,4
27:17,5.4152,12.53,63,123,78,7,29,4
27:18,5.4184,12.37,63,122,78,7,29,4
27:19,5.4227,12.53,64,122,79,7,29,4
27:20,5.4261,12.61,66,122,80,7,29,4
27:21,5.4295,12.69,67,122,81,7,29,4
27:22,5.4314,12.77,67,122,81,7,29,4
27:23,5.4333,12.84,67,122,81,7,29,4
27:24,5.4432,12.84,66,122,80,7,29,4
27:25,5.4455,12.79,66,122,80,7,29,4
27:26,5.4478,12.74,66,122,80,7,29,4
27:27,5.4500,12.69,66,122,80,7,29,4
27:28,5.4519,12.69,66,122,80,7,29,4
27:29,5.4538,12.69,66,122,80,7,29,4
27:30,5.4606,12.69,66,122,80,7,29,4
27:31,5.4622,12.69,66,122,80,7,29,4
27:32,5.4637,12.69,66,122,80,7,29,4
27:33,5.4712,12.69,67,123,81,7,29,4
27:34,5.4737,12.84,67,123,81,7,29,4
27:35,5.4774,12.84,67,123,81,7,29,4
27:36,5.4811,12.84,67,123,81,7,29,4
27:37,5.4861,12.84,102,124,81,7,29,6
27:38,5.4879,12.84,102,124,81,7,29,6
27:39,5.4898,12.84,102,124,81,7,29,6
27:40,5.4929,12.84,100,123,80,7,29,6
27:41,5.4973,12.69,100,123,80,7,29,6
27:42,5.5004,12.69,100,123,80,7,29,6
27:43,5.5035,12.69,100,123,80,7,29,6
27:44,5.5072,12.69,98,123,79,7,29,6
27:45,5.5097,12.53,96,123,78,7,29,6
27:46,5.5134,12.37,96,122,78,7,29,6
27:47,5.5172,12.37,98,122,79,7,29,6
27:48,5.5203,12.53,102,122,81,7,29,6
27:49,5.5227,12.84,102,122,81,7,29,6
27:50,5.5265,12.84,100,122,80,7,29,6
27:51,5.5296,12.69,94,122,77,7,29,6
27:52,5.5321,12.05,92,122,76,7,29,6
27:53,5.5358,12.05,88,121,74,7,29,6
27:54,5.5389,11.74,86,121,73,7,29,6
27:55,5.5414,11.50,83,121,72,8,31,6
27:56,5.5439,11.27,80,121,70,8,33,6
27:57,5.5470,11.20,86,121,64,8,33,6
27:58,5.5501,10.21,79,120,61,8,33,6
27:59,5.5532,10.05,75,120,59,8,33,6
28:00,5.5544,9.88,75,120,59,8,33,6
28:01,5.5557,9.71,75,120,59,8,33,6
28:02,5.5582,9.71,73,121,58,8,33,6
28:03,5.5606,9.55,75,121,59,8,33,6
28:04,5.5631,9.88,79,122,61,8,33,6
28:05,5.5662,10.05,79,122,61,8,33,6
28:06,5.5681,10.05,77,122,60,8,33,6
28:07,5.5706,9.88,79,123,61,8,33,6
28:08,5.5737,10.05,79,124,61,8,33,6
28:09,5.5756,10.05,82,124,62,8,33,6
28:10,5.5780,10.21,82,124,62,8,33,6
28:11,5.5824,10.21,57,125,63,13,54,-1
28:12,5.5861,12.84,56,126,62,13,54,-1
28:13,5.5899,12.65,56,126,62,13,54,-1
28:14,5.5923,12.65,54,124,61,13,54,-1
28:15,5.5961,12.44,54,124,61,13,54,-1
28:16,5.5992,12.44,51,124,59,13,54,-1
28:17,5.6023,12.03,51,124,59,13,54,-1
28:18,5.6054,12.03,53,123,60,13,54,-1
28:19,5.6085,12.23,56,123,62,13,54,-1
28:20,5.6116,12.65,57,124,63,13,54,-1
28:21,5.6147,12.84,59,124,64,13,54,-1
28:22,5.6178,13.25,62,124,66,13,54,-1
28:23,5.6215,13.46,64,124,67,13,54,-1
28:24,5.6256,13.66,66,124,68,13,54,-1
28:25,5.6296,13.86,67,124,69,13,54,-1
28:26,5.6333,14.07,68,124,70,13,54,-1
28:27,5.6374,14.38,70,124,71,13,54,-1
28:28,5.6414,14.68,72,124,72,13,54,-1
28:29,5.6452,14.68,72,124,72,13,54,-1
28:30,5.6486,14.58,71,124,72,13,54,-1
28:31,5.6520,14.48,70,124,71,13,54,-1
28:32,5.6570,14.48,70,124,71,13,54,-1
28:33,5.6594,14.48,68,124,70,13,54,-1
28:34,5.6650,14.27,70,124,71,13,54,-1
28:35,5.6669,14.38,70,123.5,71,13,54,-1
28:36,5.6688,14.48,70,123,71,13,54,-1
28:37,5.6725,14.48,70,123,71,13,54,-1
28:38,5.6768,14.48,70,123,71,13,54,-1
28:39,5.6843,14.48,70,122,71,13,54,-1
28:40,5.6868,14.48,70,122,71,13,54,-1
28:41,5.6893,14.48,70,122,71,13,54,-1
28:42,5.6961,14.27,68,122,70,13,54,-1
28:43,5.6983,14.17,67,122,69,13,54,-1
28:44,5.7005,14.07,65,122,68,13,54,-1
28:45,5.7042,13.86,67,121,69,13,54,-1
28:46,5.7098,14.07,68,121,70,13,54,-1
28:47,5.7135,14.27,68,121,70,13,54,-1
28:48,5.7179,14.27,70,121,71,13,54,-1
28:49,5.7210,14.48,72,121,72,13,54,-1
28:50,5.7247,14.68,74,121,73,13,54,-1
28:51,5.7290,15.09,75,121,74,13,54,-1
28:52,5.7328,15.09,75,121,74,13,54,-1
28:53,5.7371,15.09,75,121,74,13,54,-1
28:54,5.7408,15.09,75,121,74,13,54,-1
28:55,5.7483,15.09,75,120,74,13,54,-1
28:56,5.7502,15.09,76,120,75,13,54,-1
28:57,5.7520,15.09,77,120,75,13,54,-1
28:58,5.7564,15.30,77,120,75,13,54,-1
28:59,5.7601,15.30,77,120,75,13,54,-1
29:00,5.7645,15.30,79,120,76,13,54,-1
29:01,5.7688,15.50,79,120,76,13,54,-1
29:02,5.7725,15.50,79,120,76,13,54,-1
29:03,5.7775,15.30,77,120,75,13,54,-1
29:04,5.7806,15.30,75,120,74,13,54,-1
29:05,5.7843,15.09,74,121,73,13,54,-1
29:06,5.7893,14.68,72,121,72,13,54,-1
29:07,5.7930,14.68,72,121,72,13,54,-1
29:08,5.7968,14.68,74,122,73,13,54,-1
29:09,5.8005,14.89,75,122,74,13,54,-1
29:10,5.8055,15.09,75,122,74,13,54,-1
29:11,5.8092,15.09,77,122,75,13,54,-1
29:12,5.8142,15.30,77,122,75,13,54,-1
29:13,5.8179,15.30,77,122,75,13,54,-1
29:14,5.8216,15.30,75,122,74,13,54,-1
29:15,5.8260,15.09,75,123,74,13,54,-1
29:16,5.8303,15.09,77,123,75,13,54,-1
29:17,5.8334,15.30,77,122,75,13,54,-1
29:18,5.8384,15.30,79,122,76,13,54,-1
29:19,5.8421,15.50,81,122,77,13,54,-1
29:20,5.8471,15.71,81,122,77,13,54,-1
29:21,5.8515,15.71,81,121,77,13,54,-1
29:22,5.8558,15.71,81,121,77,13,54,-1
29:23,5.8595,15.71,81,121,77,13,54,-1
29:24,5.8645,15.71,81,121,77,13,54,-1
29:25,5.8707,15.71,81,120,77,13,54,-1
29:26,5.8729,15.71,81,120,77,13,54,-1
29:27,5.8751,15.71,81,120,77,13,54,-1
29:28,5.8788,15.71,81,120,77,13,54,-1
29:29,5.8844,15.71,81,120,77,13,54,-1
29:30,5.8881,15.71,79,120,76,13,54,-1
29:31,5.8918,15.50,77,120,75,13,54,-1
29:32,5.8962,15.09,74,120,73,13,54,-1
29:33,5.8993,14.89,72,120,72,13,54,-1
29:34,5.9036,14.68,72,120,72,13,54,-1
29:35,5.9086,14.68,74,119,73,13,54,-1
29:36,5.9123,14.89,74,119,73,13,54,-1
29:37,5.9173,14.89,75,120,74,13,54,-1
29:38,5.9198,15.09,75,120,74,13,54,-1
29:39,5.9248,15.09,75,120,74,13,54,-1
29:40,5.9291,15.09,75,120,74,13,54,-1
29:41,5.9335,15.09,75,120,74,13,54,-1
29:42,5.9366,15.09,77,120,75,13,54,-1
29:43,5.9415,15.30,77,120,75,13,54,-1
29:44,5.9453,15.30,75,120,74,13,54,-1
29:45,5.9478,15.09,74,119,73,13,54,-1
29:46,5.9521,14.89,75,119,74,13,54,-1
29:47,5.9565,15.09,77,119,75,13,54,-1
29:48,5.9608,15.30,77,120,75,13,54,-1
29:49,5.9639,15.30,79,120,76,13,54,-1
29:50,5.9689,15.50,79,121,76,13,54,-1
29:51,5.9732,15.50,79,122,76,13,54,-1
29:52,5.9770,15.30,77,122,75,13,54,-1
29:53,5.9826,15.30,94,121,75,10,42,3
29:54,5.9854,14.34,93,121,75,10,42,3
29:55,5.9882,13.38,92,121,74,10,42,3
29:56,5.9919,13.03,90,121,73,10,42,3
29:57,5.9950,13.03,90,121,73,10,42,3
29:58,5.9981,12.94,89,120.5,73,10,42,3
29:59,6.0012,12.84,87,120,72,10,42,3
30:00,6.0056,12.84,90,120,73,10,42,3
30:01,6.0080,13.03,94,120,75,10,42,3
30:02,6.0111,13.38,98,120,77,10,42,3
30:03,6.0149,13.74,98,121,77,10,42,3
30:04,6.0180,13.74,100,120,78,10,42,3
30:05,6.0223,13.92,98,120,77,10,42,3
30:06,6.0261,13.74,98,120,77,10,42,3
30:07,6.0292,13.74,96,120,76,10,42,3
30:08,6.0332,13.65,95,120,76,10,42,3
30:09,6.0372,13.56,94,120,75,10,42,3
30:10,6.0410,13.56,94,121,75,10,42,3
30:11,6.0444,13.56,95,121.5,76,10,42,3
30:12,6.0478,13.56,96,122,76,10,42,3
30:13,6.0515,13.56,96,122,76,10,42,3
30:14,6.0546,13.56,96,123,76,10,42,3
30:15,6.0587,13.56,95,123,76,10,42,3
30:16,6.0627,13.56,94,123,75,10,42,3
30:17,6.0664,13.38,94,122,75,10,42,3
30:18,6.0702,13.38,94,122,75,10,42,3
30:19,6.0739,13.38,94,122,75,10,42,3
30:20,6.0776,13.38,94,122,75,10,42,3
30:21,6.0814,13.38,92,122,74,10,42,3
30:22,6.0829,13.29,91,122,74,10,42,3
30:23,6.0845,13.20,90,122,73,10,42,3
30:24,6.0882,13.03,90,122,73,10,42,3
30:25,6.0944,13.03,90,122,73,10,42,3
30:26,6.0969,13.03,92,122,74,10,42,3
30:27,6.0984,13.12,92,122,74,10,42,3
30:28,6.1000,13.20,92,122,74,10,42,3
30:29,6.1081,13.20,92,121,74,10,42,3
30:30,6.1112,13.20,92,120,74,10,42,3
30:31,6.1137,13.20,92,120.5,74,10,42,3
30:32,6.1162,13.20,92,121,74,10,42,3
30:33,6.1193,13.20,94,121,75,10,42,3
30:34,6.1224,13.38,94,122,75,10,42,3
30:35,6.1267,13.38,94,122,75,10,42,3
30:36,6.1304,13.38,94,122,75,10,42,3
30:37,6.1336,13.38,92,122,74,10,42,3
30:38,6.1373,13.20,94,122,75,10,42,3
30:39,6.1398,13.38,96,122,76,10,42,3
30:40,6.1435,13.56,98,121,77,10,42,3
30:41,6.1472,13.92,100,121,78,10,42,3
30:42,6.1516,13.92,100,121,78,10,42,3
30:43,6.1547,13.92,102,122,79,10,42,3
30:44,6.1597,13.92,98,122,77,10,42,3
30:45,6.1634,13.74,96,122,76,10,42,3
30:46,6.1677,13.56,94,122,75,10,42,3
30:47,6.1702,13.38,96,122,76,10,42,3
30:48,6.1739,13.56,100,122,78,10,42,3
30:49,6.1783,13.92,98,122,77,10,42,3
30:50,6.1808,13.74,98,122,77,10,42,3
30:51,6.1851,13.56,94,122,75,10,42,3
30:52,6.1889,13.38,94,122,75,10,42,3
30:53,6.1920,13.38,92,121,74,10,42,3
30:54,6.1963,13.20,92,121,74,10,42,3
30:55,6.2000,13.03,90,121,73,10,42,3
30:56,6.2031,13.03,90,120,73,10,42,3
30:57,6.2069,13.03,62,120,77,8,33,3
30:58,6.2084,12.86,63,120,78,8,33,3
30:59,6.2100,12.68,64,120,78,8,33,3
31:00,6.2125,13.01,65,121,79,8,33,3
31:01,6.2168,13.01,64,121,78,8,33,3
31:02,6.2205,12.84,64,121,78,8,33,3
31:03,6.2243,12.68,62,121,77,8,33,3
31:04,6.2274,12.68,62,122,77,8,33,3
31:05,6.2305,12.68,62,122,77,8,33,3
31:06,6.2348,12.51,59,122,75,8,33,3
31:07,6.2373,12.35,61,121,76,8,33,3
31:08,6.2404,12.51,64,121,78,8,33,3
31:09,6.2442,12.84,65,121,79,8,33,3
31:10,6.2466,13.01,66,121,80,8,33,3
31:11,6.2497,13.18,66,122,80,8,33,3
31:12,6.2541,13.18,65,122,79,8,33,3
31:13,6.2578,13.01,65,122,79,8,33,3
31:14,6.2603,13.01,65,121,79,8,33,3
31:15,6.2640,13.01,65,121,79,8,33,3
31:16,6.2678,13.01,65,120,79,8,33,3
31:17,6.2709,13.01,65,120,79,8,33,3
31:18,6.2746,13.01,65,120,79,8,33,3
31:19,6.2783,13.01,64,121,78,8,33,3
31:20,6.2821,12.84,64,121,78,8,33,3
31:21,6.2858,12.84,65,121,79,8,33,3
31:22,6.2889,13.01,65,122,79,8,33,3
31:23,6.2920,13.01,64,123,78,8,33,3
31:24,6.2957,12.84,64,124,78,8,33,3
31:25,6.2995,12.68,62,126,77,8,33,3
31:26,6.3026,12.51,61,127,76,8,33,3
31:27,6.3063,12.51,61,127,76,8,33,3
31:28,6.3094,12.51,62,128,77,8,33,3
31:29,6.3125,12.68,62,128,77,8,33,3
31:30,6.3162,12.68,62,127,77,8,33,3
31:31,6.3200,12.68,62,128,77,8,33,3
31:32,6.3215,12.68,62,128.5,77,8,33,3
31:33,6.3231,12.68,62,129,77,8,33,3
31:34,6.3305,12.68,62,129,77,8,33,3
31:35,6.3336,12.68,62,129,77,8,33,3
31:36,6.3374,12.68,62,129,77,8,33,3
31:37,6.3411,12.68,62,129,77,8,33,3
31:38,6.3436,12.68,64,129,78,8,33,3
31:39,6.3454,12.76,65,129.5,79,8,33,3
31:40,6.3473,12.84,65,130,79,8,33,3
31:41,6.3548,13.01,65,131,80,6,25,5
31:42,6.3563,12.62,65,130.5,80,6,25,5
31:43,6.3579,12.23,64,130,79,6,25,5
31:44,6.3610,12.08,64,129,79,6,25,5
31:45,6.3647,12.08,65,129,80,6,25,5
31:46,6.3684,12.23,65,130,80,6,25,5
31:47,6.3715,12.23,67,130,81,6,25,5
31:48,6.3753,12.38,67,130,81,6,25,5
31:49,6.3784,12.38,67,129,81,6,25,5
31:50,6.3821,12.38,70,129,83,6,25,5
31:51,6.3840,12.54,70,129.5,83,6,25,5
31:52,6.3858,12.70,70,130,83,6,25,5
31:53,6.3896,12.70,68,130,82,6,25,5
31:54,6.3927,12.54,68,130,82,6,25,5
31:55,6.3964,12.54,70,130,83,6,25,5
31:56,6.4011,12.54,69,130.5,83,6,25,5
31:57,6.4057,12.54,68,131,82,6,25,5
31:58,6.4088,12.38,68,130,82,6,25,5
31:59,6.4122,12.38,68,130,82,6,25,5
32:00,6.4157,12.38,68,130,82,6,25,5
32:01,6.4188,12.54,68,130,82,6,25,5
32:02,6.4219,12.54,68,130,82,6,25,5
32:03,6.4262,12.38,67,130,81,6,25,5
32:04,6.4278,12.38,66,130.5,81,6,25,5
32:05,6.4293,12.38,65,131,80,6,25,5
32:06,6.4331,12.23,64,131,79,6,25,5
32:07,6.4362,12.08,64,131,79,6,25,5
32:08,6.4393,12.08,64,131,79,6,25,5
32:09,6.4436,12.08,64,131,79,6,25,5
32:10,6.4467,12.08,64,131,79,6,25,5
32:11,6.4492,12.08,65,130,80,6,25,5
32:12,6.4536,12.23,65,130,80,6,25,5
32:13,6.4567,12.23,65,131,80,6,25,5
32:14,6.4592,12.23,67,131,81,6,25,5
32:15,6.4635,12.38,67,131,81,6,25,5
32:16,6.4666,12.38,67,131,81,6,25,5
32:17,6.4703,12.38,67,130,81,6,25,5
32:18,6.4741,12.38,67,130,81,6,25,5
32:19,6.4778,12.38,67,131,81,6,25,5
32:20,6.4809,12.38,67,130,81,6,25,5
32:21,6.4846,12.38,67,131,81,6,25,5
32:22,6.4877,12.38,67,131,81,6,25,5
32:23,6.4908,12.38,67,131,81,6,25,5
32:24,6.4946,12.38,65,130,80,6,25,5
32:25,6.5020,12.23,65,130,80,6,25,5
32:26,6.5039,12.23,65,130,80,6,25,5
32:27,6.5058,12.23,64,130,79,6,25,5
32:28,6.5089,12.08,64,130,79,6,25,5
32:29,6.5120,12.08,64,129,79,6,25,5
32:30,6.5157,12.08,64,129,79,6,25,5
32:31,6.5188,12.08,64,129,79,6,25,5
32:32,6.5219,12.08,64,128,79,6,25,5
32:33,6.5256,12.08,65,128,80,6,25,5
32:34,6.5287,12.23,67,128,81,6,25,5
32:35,6.5319,12.38,67,128,81,6,25,5
32:36,6.5362,12.38,68,128,82,6,25,5
32:37,6.5393,12.54,70,128,83,6,25,5
32:38,6.5418,12.70,68,129,82,6,25,5
32:39,6.5455,12.38,65,129,80,6,25,5
32:40,6.5480,12.23,64,129,79,6,25,5
32:41,6.5505,12.16,65,129,79,9,36,2.5
32:42,6.5530,12.08,65,129,78,11,46,0
32:43,6.5561,14.53,67,129,79,11,46,0
32:44,6.5604,14.71,67,129,79,11,46,0
32:45,6.5642,14.71,68,129,80,11,46,0
32:46,6.5679,14.90,70,129,81,11,46,0
32:47,6.5722,15.27,71,129,82,11,46,0
32:48,6.5772,15.27,71,129,82,11,46,0
32:49,6.5809,15.27,71,129,82,11,46,0
32:50,6.5847,15.27,71,129,82,11,46,0
32:51,6.5896,15.27,71,129,82,11,46,0
32:52,6.5934,15.27,70,129,81,11,46,0
32:53,6.5983,15.08,68,128,80,11,46,0
32:54,6.6021,14.90,67,127,79,7,29,0
32:55,6.6058,13.63,48,127,79,7,29,0
32:56,6.6095,12.37,29,127,78,7,29,0
32:57,6.6114,12.37,30,127,80,7,29,0
32:58,6.6139,13.01,32,127,83,7,29,0
32:59,6.6170,13.48,34,127,86,7,29,0
33:00,6.6213,13.64,34,128,86,7,29,0
33:01,6.6244,13.64,33,128,85,7,29,0
33:02,6.6288,13.32,33,128,84,7,29,0
33:03,6.6325,13.32,33,127,84,7,29,0
33:04,6.6362,13.32,33,127,84,7,29,0
33:05,6.6400,13.32,33,127,84,7,29,0
33:06,6.6431,13.32,33,127,85,7,29,0
33:07,6.6468,13.48,33,126,85,7,29,0
33:08,6.6512,13.48,33,126,85,7,29,0
33:09,6.6543,13.48,33,126,85,7,29,0
33:10,6.6580,13.48,33,125,85,7,29,0
33:11,6.6623,13.48,33,125,84,7,29,0
33:12,6.6654,13.32,32,125,83,7,29,0
33:13,6.6686,13.17,31,125,82,7,29,0
33:14,6.6723,13.17,31,125,82,7,29,0
33:15,6.6754,13.01,31,125,81,7,29,0
33:16,6.6785,12.84,31,125,81,7,29,0
33:17,6.6816,12.84,31,125,81,7,29,0
33:18,6.6866,12.84,31,124,81,7,29,0
33:19,6.6897,12.84,31,124,81,4,17,4
33:20,6.6915,12.20,33,124,81,4,17,4
33:21,6.6934,11.56,35,124,81,4,17,4
33:22,6.6965,11.71,36,124,82,4,17,4
33:23,6.7009,11.71,36,124,82,4,17,4
33:24,6.7034,11.71,36,124,82,4,17,4
33:25,6.7071,11.71,36,123,82,4,17,4
33:26,6.7114,11.71,36,123,82,4,17,4
33:27,6.7139,11.71,36,123,82,4,17,4
33:28,6.7170,11.71,36,122,83,4,17,4
33:29,6.7207,11.84,36,122,83,4,17,4
33:30,6.7232,11.84,36,121,82,4,17,4
33:31,6.7270,11.71,36,121,82,4,17,4
33:32,6.7294,11.71,36,121,82,4,17,4
33:33,6.7332,11.71,36,121,82,4,17,4
33:34,6.7363,11.71,36,121,82,4,17,4
33:35,6.7388,11.84,37,121,84,4,17,4
33:36,6.7419,11.99,38,122,85,4,17,4
33:37,6.7450,12.14,38,122,85,4,17,4
33:38,6.7493,12.14,38,122,85,4,17,4
33:39,6.7518,12.14,39,122,86,4,17,4
33:40,6.7537,12.21,39,122,87,4,17,4
33:41,6.7555,12.28,39,122,87,4,17,4
33:42,6.7624,12.42,39,123,87,4,17,4
33:43,6.7642,12.42,39,123,87,4,17,4
33:44,6.7661,12.42,39,123,87,4,17,4
33:45,6.7723,12.42,39,123,87,4,17,4
33:46,6.7742,12.42,39,123,87,4,17,4
33:47,6.7761,12.42,39,123,87,4,17,4
33:48,6.7823,12.28,39,123,86,4,17,4
33:49,6.7854,12.28,38,123,85,4,17,4
33:50,6.7891,12.14,38,123,85,4,17,4
33:51,6.7922,12.14,38,123,85,4,17,4
33:52,6.7953,12.14,37,123,84,4,17,4
33:53,6.7990,11.99,36,122,83,4,17,4
33:54,6.8006,11.92,36,122.5,83,4,15,5
33:55,6.8021,11.84,36,123,83,3,13,6
33:56,6.8071,11.71,44,123,82,3,13,6
33:57,6.8108,11.32,44,122,82,3,13,6
33:58,6.8127,11.32,45,123,83,3,13,6
33:59,6.8143,11.39,46,123,84,3,13,6
34:00,6.8158,11.46,46,123,84,3,13,6
34:01,6.8227,11.60,46,122,84,3,13,6
34:02,6.8258,11.60,46,122,84,3,13,6
34:03,6.8286,11.60,46,122,84,3,13,6
34:04,6.8314,11.60,46,122,84,3,13,6
34:05,6.8351,11.60,46,122,84,3,13,6
34:06,6.8382,11.60,46,122,84,3,13,6
34:07,6.8419,11.60,46,122,84,3,13,6
34:08,6.8444,11.60,47,122,85,3,13,6
34:09,6.8475,11.67,48,122,86,3,13,6
34:10,6.8506,11.74,48,122,86,3,13,6
34:11,6.8531,11.74,48,122,86,3,13,6
34:12,6.8568,11.74,48,123,86,3,13,6
34:13,6.8606,11.74,48,123,86,3,13,6
34:14,6.8637,11.74,48,123,86,3,13,6
34:15,6.8661,11.74,46,122,84,3,13,6
34:16,6.8699,11.60,45,122,83,3,13,6
34:17,6.8724,11.46,46,122,84,3,13,6
34:18,6.8755,11.60,47,122,85,3,13,6
34:19,6.8786,11.67,46,122,84,3,13,6
34:20,6.8817,11.74,45,122,83,3,13,6
34:21,6.8842,11.46,42,122,80,3,13,6
34:22,6.8854,11.26,42,122,79,3,13,6
34:23,6.8867,11.05,41,122,78,3,13,6
34:24,6.8891,10.78,42,121,79,3,13,6
34:25,6.8922,10.92,43,121,81,3,13,6
34:26,6.8972,11.19,43,121,81,3,13,6
34:27,6.8997,11.19,42,121,80,3,13,6
34:28,6.9022,11.05,43,121,81,3,13,6
34:29,6.9059,11.19,43,121,81,3,13,6
34:30,6.9084,11.19,44,121,82,3,13,6
34:31,6.9109,11.32,43,121,81,3,13,6
34:32,6.9140,11.26,43,120.5,81,3,13,6
34:33,6.9171,11.19,42,120,80,3,13,6
34:34,6.9202,11.05,42,120,79,3,13,6
34:35,6.9215,10.99,42,119.5,79,3,13,6
34:36,6.9227,10.92,41,119,78,3,13,6
34:37,6.9264,10.78,40,119,77,3,13,6
34:38,6.9295,10.50,39,120,76,3,13,6
34:39,6.9320,10.50,40,120,77,3,13,6
34:40,6.9345,10.64,40,120,77,3,13,6
34:41,6.9376,10.64,41,121,78,3,13,6
34:42,6.9407,10.78,41,121,78,3,13,6
34:43,6.9432,10.78,41,122,78,3,13,6
34:44,6.9463,10.78,41,122,78,3,13,6
34:45,6.9494,10.78,41,122,78,3,13,6
34:46,6.9525,10.78,41,122,78,3,13,6
34:47,6.9544,10.78,40,121,77,3,13,6
34:48,6.9581,10.64,40,120,77,3,13,6
34:49,6.9606,10.64,40,120,77,3,13,6
34:50,6.9637,10.64,40,120,77,3,13,6
34:51,6.9674,10.64,39,120,76,3,13,6
34:52,6.9699,10.50,39,121,76,3,13,6
34:53,6.9724,10.50,40,122,77,3,13,6
34:54,6.9768,10.64,40,122,77,3,13,6
34:55,6.9817,10.64,39,121,76,3,13,6
34:56,6.9833,10.57,39,121,76,3,13,6
34:57,6.9848,10.50,39,121,76,3,13,6
34:58,6.9873,10.50,37,120,74,3,13,6
34:59,6.9898,10.22,36,120,73,3,13,6
35:00,6.9923,10.08,35,119,72,3,13,6
35:01,6.9948,9.95,35,119,71,3,13,6
35:02,6.9973,9.81,34,119,70,3,13,6
35:03,6.9997,9.53,33,119,69,3,13,6
35:04,7.0022,9.53,32,118,68,3,13,6
35:05,7.0047,9.40,31,118,67,3,13,6
35:06,7.0078,9.25,31,118,66,3,13,6
35:07,7.0097,9.12,31,118,66,3,13,6
35:08,7.0122,8.97,29,118,64,3,13,6
35:09,7.0140,8.71,27,118,62,3,13,6
35:10,7.0153,8.57,27,118,61,3,13,6
35:11,7.0153,8.15,24,118,57,3,13,6
35:12,7.0165,7.73,24,118,57,3,13,6
