0:01,0.03,21.74,57,84,106
0:02,0.04,20.24,48,84,107
0:03,0.04,22.94,65,83,105
0:04,0.05,22.65,63,83,108
0:05,0.06,23.09,66,83,108
0:06,0.06,27.61,104,83,105
0:07,0.07,36.29,212,84,103
0:08,0.08,33.29,169,86,104
0:09,0.09,33.36,170,87,104
0:10,0.10,33.87,177,89,101
0:11,0.11,34.60,187,90,103
0:12,0.12,33.95,178,92,103
0:13,0.12,0.00,0,92,171
0:14,0.12,0.00,0,92,171
0:15,0.12,0.00,0,92,171
0:16,0.12,0.00,0,92,171
0:17,0.13,10.27,13,92,13
0:18,0.13,23.36,68,91,41
0:19,0.14,31.48,146,92,75
0:20,0.15,28.42,112,93,84
0:21,0.16,30.45,134,94,86
0:22,0.17,34.95,192,96,91
0:23,0.17,32.89,164,96,93
0:24,0.18,32.04,153,96,94
0:25,0.19,30.45,134,97,95
0:26,0.20,32.12,154,98,91
0:27,0.21,31.22,143,98,91
0:28,0.22,31.64,148,99,89
0:29,0.23,30.70,137,100,89
0:30,0.24,30.53,135,102,87
0:31,0.24,31.14,142,103,86
0:32,0.25,32.28,156,105,89
0:33,0.26,31.80,150,106,89
0:34,0.27,30.19,131,106,88
0:35,0.28,32.81,163,107,88
0:36,0.29,32.12,154,108,90
0:37,0.30,28.51,113,109,90
0:38,0.30,31.72,149,109,87
0:39,0.31,33.13,167,110,91
0:40,0.32,33.21,168,111,93
0:41,0.33,32.75,162,111,95
0:42,0.34,32.67,161,111,96
0:43,0.35,31.88,151,112,95
0:44,0.36,30.78,138,113,93
0:45,0.37,30.78,138,113,93
0:46,0.38,30.78,138,113,93
0:47,0.38,30.78,138,113,93
0:48,0.39,34.16,181,113,53
0:49,0.40,34.16,181,112,53
0:50,0.41,34.16,181,111,53
0:51,0.42,34.16,181,109,53
0:52,0.43,0.00,0,109,14
0:53,0.44,40.85,291,108,84
0:54,0.45,36.66,218,108,103
0:55,0.46,34.45,185,108,108
0:56,0.47,34.02,179,108,108
0:57,0.48,34.24,182,108,107
0:58,0.49,35.90,206,109,107
0:59,0.50,35.23,196,109,108
1:00,0.51,35.50,200,110,108
1:01,0.52,37.05,224,111,112
1:02,0.53,35.23,196,111,111
1:03,0.54,34.52,186,112,111
1:04,0.55,34.52,186,113,109
1:05,0.56,34.33,183,114,109
1:06,0.57,35.76,204,114,109
1:07,0.58,36.23,211,115,109
1:08,0.59,37.67,234,115,111
1:09,0.60,34.95,192,116,111
1:10,0.61,34.16,181,116,110
1:11,0.62,35.28,197,116,109
1:12,0.62,35.63,202,116,108
1:13,0.63,35.36,198,117,109
1:14,0.64,35.55,201,117,109
1:15,0.65,34.68,188,117,108
1:16,0.66,34.45,185,117,108
1:17,0.67,33.95,178,117,104
1:18,0.68,34.60,187,117,108
1:19,0.69,34.52,186,118,107
1:20,0.70,34.52,186,118,107
1:21,0.71,34.68,188,118,107
1:22,0.72,33.52,172,118,106
1:23,0.73,34.81,190,119,106
1:24,0.74,35.95,207,119,108
1:25,0.75,34.95,192,119,108
1:26,0.76,34.16,181,119,108
1:27,0.77,34.10,180,119,109
1:28,0.78,33.57,173,120,106
1:29,0.79,35.23,196,120,108
1:30,0.80,35.08,194,120,107
1:31,0.81,35.55,201,121,108
1:32,0.82,35.02,193,121,108
1:33,0.83,35.55,201,121,109
1:34,0.84,34.24,182,121,108
1:35,0.85,34.10,180,121,107
1:36,0.86,35.55,201,121,108
1:37,0.87,35.23,196,121,108
1:38,0.88,33.87,177,122,109
1:39,0.89,35.02,193,122,108
1:40,0.89,34.33,183,122,108
1:41,0.90,35.63,202,122,107
1:42,0.91,36.74,219,122,108
1:43,0.92,35.69,203,122,111
1:44,0.93,33.44,171,122,110
1:45,0.94,34.37,184,122,108
1:46,0.95,34.33,183,122,107
1:47,0.96,35.55,201,122,108
1:48,0.97,36.53,216,122,108
1:49,0.98,36.23,211,122,110
1:50,0.99,34.37,184,122,113
1:51,1.00,36.53,216,122,112
1:52,1.01,35.95,207,122,113
1:53,1.02,34.52,186,123,111
1:54,1.03,35.15,195,123,113
1:55,1.04,34.68,188,123,110
1:56,1.05,35.42,199,124,111
1:57,1.06,36.03,208,124,113
1:58,1.07,36.29,212,125,114
1:59,1.08,34.87,191,125,114
2:00,1.09,35.50,200,125,114
2:01,1.10,34.81,190,126,113
2:02,1.11,35.82,205,126,113
2:03,1.12,35.42,199,126,111
2:04,1.13,35.63,202,126,112
2:05,1.14,37.55,232,127,111
2:06,1.15,35.42,199,127,113
2:07,1.16,34.68,188,127,114
2:08,1.17,35.08,194,127,112
2:09,1.18,36.74,219,127,112
2:10,1.19,36.61,217,127,115
2:11,1.20,34.16,181,127,115
2:12,1.21,34.68,188,127,114
2:13,1.22,36.35,213,127,112
2:14,1.23,35.15,195,127,113
2:15,1.24,37.11,225,127,114
2:16,1.25,36.08,209,127,115
2:17,1.26,36.35,213,127,116
2:18,1.27,35.63,202,127,115
2:19,1.28,36.03,208,127,115
2:20,1.29,35.15,195,127,114
2:21,1.30,35.23,196,127,113
2:22,1.31,34.95,192,128,113
2:23,1.32,36.53,216,128,112
2:24,1.33,35.28,197,128,114
2:25,1.34,35.90,206,128,114
2:26,1.35,35.69,203,128,114
2:27,1.36,35.36,198,128,114
2:28,1.37,36.03,208,128,114
2:29,1.38,35.23,196,128,113
2:30,1.39,36.03,208,128,113
2:31,1.40,35.82,205,128,113
2:32,1.41,35.63,202,129,113
2:33,1.42,36.03,208,129,112
2:34,1.43,35.90,206,129,114
2:35,1.44,35.08,194,129,114
2:36,1.45,34.33,183,129,111
2:37,1.46,36.48,215,128,111
2:38,1.47,37.55,232,128,114
2:39,1.48,35.42,199,128,115
2:40,1.49,34.52,186,127,114
2:41,1.50,35.08,194,127,112
2:42,1.51,34.81,190,127,111
2:43,1.52,35.36,198,127,111
2:44,1.53,35.23,196,127,111
2:45,1.54,35.50,200,127,112
2:46,1.55,35.28,197,127,112
2:47,1.56,35.69,203,127,112
2:48,1.57,35.36,198,127,112
2:49,1.58,35.95,207,127,114
2:50,1.59,36.42,214,127,115
2:51,1.60,35.63,202,128,115
2:52,1.61,35.90,206,128,115
2:53,1.62,35.90,206,128,115
2:54,1.63,36.53,216,129,116
2:55,1.64,35.36,198,129,116
2:56,1.65,37.67,234,129,115
2:57,1.66,35.50,200,130,117
2:58,1.67,36.08,209,130,117
2:59,1.68,36.08,209,130,115
3:00,1.69,34.81,190,130,115
3:01,1.70,37.42,230,130,116
3:02,1.71,35.28,197,131,117
3:03,1.72,35.82,205,131,116
3:04,1.73,36.08,209,131,117
3:05,1.74,35.69,203,131,117
3:06,1.75,34.60,187,131,117
3:07,1.76,36.92,222,131,115
3:08,1.77,35.76,204,131,116
3:09,1.78,35.82,205,131,115
3:10,1.79,35.50,200,132,114
3:11,1.80,36.74,219,131,114
3:12,1.81,35.42,199,132,115
3:13,1.82,35.55,201,132,114
3:14,1.83,35.63,202,131,113
3:15,1.84,35.55,201,131,114
3:16,1.85,37.05,224,132,114
3:17,1.86,36.42,214,131,116
3:18,1.87,35.50,200,132,117
3:19,1.88,36.61,217,132,117
3:20,1.89,35.23,196,132,117
3:21,1.90,35.55,201,132,116
3:22,1.91,37.11,225,132,117
3:23,1.92,36.35,213,132,117
3:24,1.93,40.06,276,133,122
3:25,1.94,37.48,231,133,124
3:26,1.95,37.24,227,133,122
3:27,1.96,37.48,231,134,124
3:28,1.97,37.48,231,134,124
3:29,1.98,36.87,221,134,124
3:30,1.99,36.42,214,134,122
3:31,2.00,36.29,212,134,122
3:32,2.01,35.28,197,134,119
3:33,2.02,35.95,207,134,120
3:34,2.03,37.29,228,135,120
3:35,2.04,36.03,208,135,120
3:36,2.05,37.72,235,135,121
3:37,2.06,35.69,203,135,123
3:38,2.07,35.90,206,135,119
3:39,2.08,37.24,227,135,120
3:40,2.09,35.50,200,135,119
3:41,2.10,35.63,202,135,119
3:42,2.11,35.08,194,135,117
3:43,2.12,34.24,182,135,115
3:44,2.13,34.68,188,136,114
3:45,2.14,36.66,218,135,114
3:46,2.15,37.17,226,135,114
3:47,2.16,36.03,208,135,116
3:48,2.17,34.87,191,135,115
3:49,2.18,35.28,197,135,115
3:50,2.19,36.74,219,135,113
3:51,2.20,36.61,217,135,113
3:52,2.21,35.90,206,134,116
3:53,2.22,36.23,211,135,120
3:54,2.23,36.98,223,135,118
3:55,2.24,36.87,221,135,118
3:56,2.25,35.82,205,135,118
3:57,2.26,35.55,201,135,118
3:58,2.27,36.03,208,135,118
3:59,2.28,37.67,234,135,119
4:00,2.29,38.67,251,135,119
4:01,2.30,35.55,201,136,118
4:02,2.31,36.08,209,136,117
4:03,2.32,36.16,210,136,118
4:04,2.33,36.16,210,136,117
4:05,2.34,38.16,242,136,119
4:06,2.35,38.16,242,137,121
4:07,2.36,38.08,241,137,124
4:08,2.37,38.72,252,137,121
4:09,2.38,37.98,239,137,128
4:10,2.39,36.92,222,138,126
4:11,2.40,34.52,186,137,124
4:12,2.41,34.81,190,137,120
4:13,2.42,35.95,207,137,121
4:14,2.43,35.69,203,138,121
4:15,2.44,36.29,212,138,121
4:16,2.45,36.03,208,138,122
4:17,2.46,34.37,184,137,121
4:18,2.47,34.60,187,138,119
4:19,2.48,34.33,183,137,118
4:20,2.49,36.03,208,138,118
4:21,2.50,35.42,199,137,119
4:22,2.51,35.36,198,137,118
4:23,2.52,36.74,219,137,119
4:24,2.53,36.87,221,137,120
4:25,2.54,36.42,214,137,120
4:26,2.55,35.90,206,137,120
4:27,2.56,37.72,235,138,121
4:28,2.57,39.67,269,138,125
4:29,2.58,39.19,260,138,127
4:30,2.59,38.85,254,138,129
4:31,2.60,35.69,203,138,127
4:32,2.61,36.92,222,138,124
4:33,2.63,36.79,220,138,125
4:34,2.64,36.35,213,138,123
4:35,2.65,35.90,206,139,122
4:36,2.66,37.98,239,139,123
4:37,2.67,36.74,219,139,124
4:38,2.68,36.98,223,139,123
4:39,2.69,34.81,190,139,123
4:40,2.70,37.42,230,139,122
4:41,2.71,37.79,236,139,123
4:42,2.72,36.61,217,140,125
4:43,2.73,36.61,217,140,124
4:44,2.74,35.42,199,140,123
4:45,2.75,37.55,232,140,123
4:46,2.76,34.81,190,140,123
4:47,2.77,35.69,203,140,121
4:48,2.78,37.17,226,140,119
4:49,2.79,37.37,229,141,121
4:50,2.80,35.82,205,141,122
4:51,2.81,37.42,230,141,122
4:52,2.82,36.53,216,141,121
4:53,2.83,35.95,207,142,121
4:54,2.84,34.37,184,142,119
4:55,2.85,37.11,225,142,119
4:56,2.86,38.21,243,141,120
4:57,2.87,34.37,184,141,119
4:58,2.88,37.55,232,141,119
4:59,2.89,34.81,190,141,121
5:00,2.90,35.36,198,141,116
5:01,2.91,35.36,198,141,120
5:02,2.92,36.92,222,141,119
5:03,2.93,37.24,227,141,120
5:04,2.94,34.37,184,141,121
5:05,2.95,34.68,188,141,116
5:06,2.96,36.87,221,141,115
5:07,2.97,37.37,229,141,116
5:08,2.98,36.79,220,141,119
5:09,2.99,36.08,209,141,119
5:10,3.00,36.87,221,141,119
5:11,3.01,36.03,208,141,120
5:12,3.02,36.23,211,141,120
5:13,3.03,35.50,200,141,119
5:14,3.04,35.36,198,141,118
5:15,3.05,35.08,194,141,117
5:16,3.06,37.29,228,142,117
5:17,3.07,36.03,208,142,118
5:18,3.08,35.08,194,142,117
5:19,3.09,35.55,201,142,116
5:20,3.10,37.55,232,142,116
5:21,3.11,36.08,209,142,117
5:22,3.12,35.82,205,142,118
5:23,3.13,34.60,187,143,117
5:24,3.14,36.03,208,143,117
5:25,3.15,36.98,223,143,118
5:26,3.16,37.48,231,142,119
5:27,3.17,36.61,217,143,120
5:28,3.18,36.61,217,143,120
5:29,3.19,36.23,211,143,120
5:30,3.20,36.74,219,143,121
5:31,3.21,37.98,239,143,123
5:32,3.22,36.16,210,143,123
5:33,3.23,37.17,226,143,125
5:34,3.24,36.79,220,143,123
5:35,3.25,36.35,213,143,123
5:36,3.26,36.79,220,143,123
5:37,3.27,36.42,214,143,122
5:38,3.28,36.98,223,143,123
5:39,3.29,38.43,247,143,123
5:40,3.30,38.21,243,144,127
5:41,3.31,38.50,248,144,127
5:42,3.32,37.24,227,144,126
5:43,3.33,37.72,235,144,124
5:44,3.34,38.08,241,144,127
5:45,3.36,37.29,228,144,126
5:46,3.37,37.42,230,144,125
5:47,3.38,37.79,236,144,125
5:48,3.39,37.24,227,144,125
5:49,3.40,37.37,229,144,126
5:50,3.41,36.74,219,145,126
5:51,3.42,36.53,216,145,123
5:52,3.43,37.37,229,145,125
5:53,3.44,38.03,240,145,125
5:54,3.45,36.23,211,145,124
5:55,3.46,35.90,206,145,122
5:56,3.47,37.98,239,145,123
5:57,3.48,36.48,215,145,122
5:58,3.49,35.76,204,145,121
5:59,3.50,36.35,213,145,121
6:00,3.51,36.35,213,145,121
6:01,3.52,37.17,226,145,120
6:02,3.53,35.15,195,145,122
6:03,3.54,35.36,198,145,120
6:04,3.55,31.30,144,145,114
6:05,3.55,0.00,0,145,79
6:06,3.55,0.00,0,145,79
6:07,3.55,0.00,0,145,79
6:08,3.55,0.00,0,145,79
6:09,3.55,0.00,0,144,79
6:10,3.55,0.00,0,144,79
6:11,3.55,0.00,0,143,79
6:12,3.55,0.00,0,142,79
6:13,3.55,0.00,0,141,79
6:14,3.55,0.00,0,141,79
6:15,3.55,0.00,0,141,79
6:16,3.55,0.00,0,140,79
6:17,3.56,33.36,170,139,76
6:18,3.57,39.24,261,138,92
6:19,3.58,37.98,239,138,102
6:20,3.59,35.82,205,137,113
6:21,3.60,36.35,213,136,114
6:22,3.61,34.87,191,136,112
6:23,3.62,33.44,171,135,109
6:24,3.63,37.72,235,135,107
6:25,3.64,35.08,194,135,110
6:26,3.65,34.73,189,135,109
6:27,3.66,33.79,176,136,108
6:28,3.67,35.50,200,135,108
6:29,3.68,34.16,181,136,110
6:30,3.69,33.73,175,136,109
6:31,3.70,32.89,164,135,108
6:32,3.71,35.28,197,135,107
6:33,3.72,37.37,229,136,110
6:34,3.73,39.01,257,136,115
6:35,3.74,37.85,237,136,119
6:36,3.75,36.03,208,136,118
6:37,3.76,34.33,183,137,121
6:38,3.77,33.95,178,137,117
6:39,3.78,34.52,186,136,115
6:40,3.79,34.37,184,136,113
6:41,3.80,36.08,209,136,112
6:42,3.81,38.78,253,135,114
6:43,3.82,36.79,220,135,116
6:44,3.83,36.53,216,135,119
6:45,3.84,35.63,202,136,116
6:46,3.85,36.03,208,136,116
6:47,3.86,36.35,213,136,116
6:48,3.87,36.98,223,137,116
6:49,3.88,37.37,229,137,118
6:50,3.89,34.81,190,138,117
6:51,3.90,37.11,225,138,115
6:52,3.91,34.16,181,138,115
6:53,3.92,37.67,234,138,117
6:54,3.93,35.76,204,139,118
6:55,3.94,36.53,216,139,118
6:56,3.95,36.08,209,139,119
6:57,3.96,31.48,146,139,117
6:58,3.97,32.36,157,139,113
6:59,3.98,35.15,195,139,111
7:00,3.99,35.15,195,140,111
7:01,4.00,34.81,190,140,112
7:02,4.01,35.08,194,140,112
7:03,4.02,37.48,231,140,111
7:04,4.03,37.85,237,140,113
7:05,4.04,34.37,184,140,112
7:06,4.05,35.82,205,140,110
7:07,4.06,38.78,253,140,112
7:08,4.07,36.98,223,140,113
7:09,4.08,34.33,183,140,117
7:10,4.09,36.48,215,140,119
7:11,4.10,35.23,196,140,119
7:12,4.11,35.82,205,140,118
7:13,4.12,35.63,202,140,119
7:14,4.13,35.15,195,140,118
7:15,4.14,33.73,175,140,117
7:16,4.15,34.37,184,141,115
7:17,4.16,34.95,192,141,114
7:18,4.17,34.95,192,141,114
7:19,4.18,34.52,186,141,114
7:20,4.19,35.90,206,141,114
7:21,4.20,35.15,195,141,114
7:22,4.21,35.15,195,141,114
7:23,4.22,35.82,205,141,113
7:24,4.23,36.53,216,142,114
7:25,4.23,29.17,120,142,112
7:26,4.24,29.17,120,142,112
7:27,4.25,29.17,120,142,112
7:28,4.26,29.17,120,142,112
7:29,4.27,29.17,120,142,112
7:30,4.27,29.17,120,141,112
7:31,4.28,29.17,120,140,112
7:32,4.29,29.17,120,139,112
7:33,4.30,29.17,120,138,112
7:34,4.30,0.00,0,138,33
7:35,4.30,0.00,0,137,27
7:36,4.30,38.67,251,137,76
7:37,4.31,31.14,142,136,95
7:38,4.32,36.03,208,136,99
7:39,4.33,34.24,182,136,102
7:40,4.34,34.45,185,136,108
7:41,4.35,31.80,150,136,108
7:42,4.36,33.44,171,136,104
7:43,4.37,34.37,184,136,103
7:44,4.38,35.76,204,136,105
7:45,4.39,35.02,193,136,106
7:46,4.40,34.16,181,136,106
7:47,4.41,35.28,197,137,106
7:48,4.42,32.81,163,137,104
7:49,4.43,34.10,180,137,104
7:50,4.44,34.37,184,137,101
7:51,4.45,34.16,181,137,103
7:52,4.46,35.02,193,136,103
7:53,4.47,33.13,167,136,101
7:54,4.47,34.45,185,137,102
7:55,4.48,33.07,166,136,102
7:56,4.49,33.52,172,136,101
7:57,4.50,32.81,163,137,99
7:58,4.51,33.52,172,137,99
7:59,4.52,35.90,206,137,100
8:00,4.53,35.28,197,137,101
8:01,4.54,33.87,177,137,102
8:02,4.55,33.95,178,138,103
8:03,4.56,32.81,163,138,102
8:04,4.57,33.73,175,138,101
8:05,4.58,33.79,176,138,101
8:06,4.59,34.33,183,138,101
8:07,4.60,34.16,181,138,100
8:08,4.61,36.08,209,139,102
8:09,4.62,37.79,236,139,105
8:10,4.63,37.98,239,139,111
8:11,4.64,33.52,172,139,111
8:12,4.65,33.13,167,139,106
8:13,4.66,33.73,175,139,102
8:14,4.66,33.57,173,139,100
8:15,4.67,33.29,169,140,99
8:16,4.68,35.08,194,140,102
8:17,4.69,35.02,193,140,102
8:18,4.70,33.73,175,140,101
8:19,4.71,33.57,173,140,100
8:20,4.72,32.99,165,140,100
8:21,4.73,33.36,170,140,97
8:22,4.74,33.57,173,140,97
8:23,4.75,33.36,170,140,97
8:24,4.76,34.60,187,140,97
8:25,4.77,32.67,161,140,99
8:26,4.78,32.04,153,139,97
8:27,4.79,32.81,163,139,97
8:28,4.79,33.44,171,139,97
8:29,4.80,33.52,172,139,98
8:30,4.81,33.29,169,139,97
8:31,4.82,33.87,177,139,98
8:32,4.83,34.10,180,138,98
8:33,4.84,34.60,187,138,101
8:34,4.85,33.73,175,138,100
8:35,4.86,36.42,214,137,100
8:36,4.87,37.29,228,136,104
8:37,4.88,34.16,181,137,106
8:38,4.89,33.13,167,136,108
8:39,4.90,33.21,168,136,105
8:40,4.91,33.52,172,136,103
8:41,4.92,33.79,176,136,100
8:42,4.93,34.33,183,136,101
8:43,4.94,35.23,196,136,102
8:44,4.95,34.87,191,136,102
8:45,4.96,34.52,186,136,104
8:46,4.97,33.95,178,136,103
8:47,4.98,33.79,176,135,103
8:48,4.98,35.23,196,135,102
8:49,5.00,37.67,234,135,106
8:50,5.00,34.45,185,135,110
8:51,5.01,34.02,179,136,106
8:52,5.02,33.95,178,135,106
8:53,5.03,37.48,231,135,106
8:54,5.04,37.17,226,135,110
8:55,5.06,38.78,253,135,117
8:56,5.07,35.90,206,135,119
8:57,5.08,35.82,205,135,118
8:58,5.09,34.52,186,135,118
8:59,5.10,36.74,219,134,114
9:00,5.11,35.42,199,134,117
9:01,5.12,34.81,190,134,115
9:02,5.13,35.69,203,135,113
9:03,5.13,33.95,178,135,113
9:04,5.14,33.79,176,135,112
9:05,5.15,35.28,197,135,112
9:06,5.16,35.63,202,136,112
9:07,5.17,34.87,191,136,112
9:08,5.18,35.23,196,136,112
9:09,5.19,38.85,254,136,113
9:10,5.20,36.53,216,136,116
9:11,5.21,33.79,176,137,114
9:12,5.22,35.42,199,137,110
9:13,5.23,35.63,202,137,110
9:14,5.24,36.74,219,137,108
9:15,5.25,40.06,276,137,114
9:16,5.26,37.42,230,138,120
9:17,5.27,34.60,187,138,121
9:18,5.28,34.33,183,138,117
9:19,5.29,36.16,210,138,116
9:20,5.30,34.68,188,138,114
9:21,5.31,35.42,199,138,113
9:22,5.32,36.03,208,137,113
9:23,5.33,35.23,196,137,113
9:24,5.34,36.08,209,137,110
9:25,5.35,36.48,215,137,115
9:26,5.36,36.48,215,137,115
9:27,5.37,35.82,205,137,116
9:28,5.38,35.02,193,137,115
9:29,5.39,36.87,221,137,115
9:30,5.40,38.03,240,137,118
9:31,5.41,37.29,228,137,119
9:32,5.42,36.74,219,138,123
9:33,5.43,34.81,190,138,121
9:34,5.44,34.95,192,138,120
9:35,5.45,36.35,213,138,117
9:36,5.46,36.53,216,138,117
9:37,5.47,36.23,211,138,118
9:38,5.48,37.29,228,139,120
9:39,5.49,36.74,219,139,122
9:40,5.50,34.60,187,139,123
9:41,5.51,37.67,234,139,122
9:42,5.53,40.12,277,140,125
9:43,5.54,39.57,267,140,128
9:44,5.55,37.85,237,140,129
9:45,5.56,37.55,232,140,130
9:46,5.57,37.42,230,141,127
9:47,5.58,36.92,222,141,126
9:48,5.59,36.03,208,141,122
9:49,5.60,36.35,213,141,121
9:50,5.61,37.85,237,141,120
9:51,5.62,36.16,210,141,119
9:52,5.63,37.37,229,141,120
9:53,5.64,36.74,219,141,119
9:54,5.65,39.01,257,141,123
9:55,5.66,37.79,236,141,123
9:56,5.67,38.32,245,142,126
9:57,5.68,37.42,230,142,127
9:58,5.69,37.72,235,142,126
9:59,5.70,35.82,205,142,126
10:00,5.71,36.42,214,143,124
10:01,5.72,37.05,224,143,124
10:02,5.73,32.75,162,143,121
10:03,5.74,34.45,185,143,118
10:04,5.75,36.48,215,143,115
10:05,5.76,30.78,138,144,113
10:06,5.77,30.19,131,143,105
10:07,5.78,30.78,138,144,102
10:08,5.79,32.36,157,144,98
10:09,5.80,32.20,155,144,97
10:10,5.80,32.36,157,143,96
10:11,5.81,32.67,161,143,96
10:12,5.82,33.21,168,144,95
10:13,5.83,35.08,194,145,99
10:14,5.84,32.99,165,145,100
10:15,5.85,37.48,231,145,101
10:16,5.86,34.37,184,145,104
10:17,5.87,33.65,174,145,105
10:18,5.88,33.29,169,145,102
10:19,5.89,33.73,175,146,101
10:20,5.90,33.44,171,146,100
10:21,5.91,32.89,164,146,99
10:22,5.92,33.65,174,145,99
10:23,5.93,32.67,161,145,99
10:24,5.93,32.81,163,146,99
10:25,5.94,33.73,175,146,100
10:26,5.95,33.13,167,146,99
10:27,5.96,31.88,151,146,98
10:28,5.97,32.67,161,146,97
10:29,5.98,34.33,183,146,98
10:30,5.99,32.51,159,146,99
10:31,6.00,32.99,165,145,98
10:32,6.01,33.65,174,145,99
10:33,6.02,32.81,163,145,100
10:34,6.03,32.20,155,145,98
10:35,6.04,33.07,166,145,97
10:36,6.04,33.07,166,145,97
10:37,6.05,32.75,162,145,98
10:38,6.06,32.81,163,145,97
10:39,6.07,33.13,167,145,97
10:40,6.08,34.68,188,145,99
10:41,6.09,35.02,193,144,102
10:42,6.10,32.89,164,145,103
10:43,6.11,32.75,162,145,103
10:44,6.12,32.59,160,144,99
10:45,6.13,32.67,161,145,99
10:46,6.14,31.88,151,144,97
10:47,6.15,32.28,156,144,97
10:48,6.16,33.57,173,144,97
10:49,6.16,33.21,168,143,97
10:50,6.17,33.95,178,143,97
10:51,6.18,32.89,164,143,97
10:52,6.19,31.14,142,142,95
10:53,6.20,33.65,174,142,96
10:54,6.21,33.07,166,142,96
10:55,6.22,31.96,152,141,95
10:56,6.23,32.36,157,141,95
10:57,6.24,33.57,173,141,95
10:58,6.25,35.23,196,140,99
10:59,6.26,33.29,169,140,101
11:00,6.27,35.63,202,139,104
11:01,6.28,34.10,180,139,104
11:02,6.29,33.87,177,139,105
11:03,6.29,31.30,144,138,100
11:04,6.30,33.73,175,138,98
11:05,6.31,34.16,181,139,98
11:06,6.32,32.75,162,138,101
11:07,6.33,31.56,147,138,98
11:08,6.34,33.07,166,138,97
11:09,6.35,32.59,160,138,97
11:10,6.36,32.04,153,138,96
11:11,6.37,33.07,166,138,97
11:12,6.38,32.20,155,138,97
11:13,6.38,32.28,156,137,96
11:14,6.39,32.99,165,138,95
11:15,6.40,32.12,154,137,95
11:16,6.41,32.75,162,137,95
11:17,6.42,32.20,155,137,95
11:18,6.43,33.07,166,137,96
11:19,6.44,33.21,168,137,96
11:20,6.45,32.59,160,136,96
11:21,6.46,33.44,171,136,97
11:22,6.47,32.51,159,135,96
11:23,6.48,31.72,149,135,95
11:24,6.48,32.20,155,134,94
11:25,6.49,32.28,156,134,94
11:26,6.50,32.04,153,134,94
11:27,6.51,31.48,146,134,93
11:28,6.52,32.04,153,134,92
11:29,6.53,32.81,163,133,94
11:30,6.54,31.30,144,133,95
11:31,6.55,32.59,160,133,95
11:32,6.56,32.99,165,133,95
11:33,6.57,31.96,152,132,95
11:34,6.57,32.59,160,132,94
11:35,6.58,34.10,180,132,95
11:36,6.59,33.21,168,132,96
11:37,6.60,33.52,172,132,96
11:38,6.61,31.88,151,131,96
11:39,6.62,32.99,165,132,95
11:40,6.63,31.80,150,131,96
11:41,6.64,31.56,147,131,95
11:42,6.65,31.96,152,131,95
11:43,6.66,33.65,174,131,96
11:44,6.67,33.73,175,132,97
11:45,6.67,33.13,167,131,98
11:46,6.68,32.81,163,132,97
11:47,6.69,32.20,155,131,97
11:48,6.70,32.99,165,131,96
11:49,6.71,33.52,172,131,96
11:50,6.72,34.24,182,131,98
11:51,6.73,32.59,160,131,97
11:52,6.74,32.81,163,131,97
11:53,6.75,33.13,167,131,96
11:54,6.76,33.21,168,131,97
11:55,6.77,32.20,155,131,97
11:56,6.78,31.72,149,130,96
11:57,6.78,32.99,165,130,95
11:58,6.79,31.48,146,130,96
11:59,6.80,32.51,159,130,96
12:00,6.81,33.65,174,131,97
12:01,6.82,33.57,173,131,97
12:02,6.83,34.02,179,131,99
12:03,6.84,33.79,176,130,99
12:04,6.85,34.02,179,131,100
12:05,6.86,32.28,156,130,99
12:06,6.87,32.59,160,130,98
12:07,6.88,32.44,158,130,97
12:08,6.89,32.59,160,129,97
12:09,6.89,33.13,167,129,96
12:10,6.90,33.87,177,129,97
12:11,6.91,34.10,180,129,98
12:12,6.92,32.12,154,129,98
12:13,6.93,34.16,181,129,97
12:14,6.94,35.08,194,129,98
12:15,6.95,32.12,154,129,101
12:16,6.96,31.30,144,129,99
12:17,6.97,34.81,190,129,96
12:18,6.98,33.73,175,129,98
12:19,6.99,34.73,189,129,100
12:20,7.00,33.95,178,129,100
12:21,7.01,33.29,169,129,99
12:22,7.02,32.99,165,129,99
12:23,7.02,33.36,170,129,96
12:24,7.03,33.79,176,129,97
12:25,7.04,33.73,175,129,97
12:26,7.05,33.44,171,129,97
12:27,7.06,33.13,167,129,98
12:28,7.07,34.33,183,129,98
12:29,7.08,35.50,200,129,100
12:30,7.09,33.44,171,129,102
12:31,7.10,32.36,157,129,101
12:32,7.11,32.12,154,129,100
12:33,7.12,37.29,228,129,99
12:34,7.13,36.35,213,129,105
12:35,7.14,37.05,224,129,109
12:36,7.15,35.28,197,129,114
12:37,7.16,34.73,189,129,114
12:38,7.17,33.21,168,129,108
12:39,7.18,33.44,171,130,105
12:40,7.19,33.79,176,130,103
12:41,7.20,33.21,168,130,101
12:42,7.21,33.95,178,130,101
12:43,7.22,34.60,187,131,102
12:44,7.22,33.79,176,131,102
12:45,7.23,33.52,172,131,99
12:46,7.24,33.21,168,131,98
12:47,7.25,33.21,168,131,99
12:48,7.26,33.44,171,131,97
12:49,7.27,33.07,166,131,99
12:50,7.28,33.13,167,131,98
12:51,7.29,33.65,174,131,98
12:52,7.30,32.99,165,131,98
12:53,7.31,33.29,169,131,99
12:54,7.32,33.29,169,131,99
12:55,7.33,33.21,168,131,100
12:56,7.34,33.07,166,132,99
12:57,7.34,33.21,168,132,98
12:58,7.35,34.02,179,132,97
12:59,7.36,34.33,183,132,97
13:00,7.37,37.98,239,132,101
13:01,7.38,34.33,183,132,106
13:02,7.39,34.16,181,132,107
13:03,7.40,35.28,197,132,104
13:04,7.41,34.02,179,133,107
13:05,7.42,33.36,170,133,105
13:06,7.43,32.36,157,133,100
13:07,7.44,33.13,167,133,100
13:08,7.45,34.33,183,133,100
13:09,7.46,33.13,167,132,100
13:10,7.47,33.87,177,132,99
13:11,7.48,32.44,158,132,99
13:12,7.49,32.75,162,132,98
13:13,7.50,34.60,187,132,99
13:14,7.51,33.13,167,132,100
13:15,7.51,33.87,177,132,99
13:16,7.52,34.10,180,133,101
13:17,7.53,36.08,209,132,102
13:18,7.54,33.87,177,132,104
13:19,7.55,32.59,160,133,100
13:20,7.56,33.13,167,133,99
13:21,7.57,33.57,173,133,98
13:22,7.58,33.65,174,133,97
13:23,7.59,33.36,170,133,97
13:24,7.60,34.68,188,133,96
13:25,7.61,35.55,201,133,98
13:26,7.62,32.51,159,132,101
13:27,7.63,32.28,156,133,97
13:28,7.64,32.75,162,132,97
13:29,7.65,32.67,161,132,95
13:30,7.65,32.67,161,132,94
13:31,7.66,34.81,190,132,95
13:32,7.67,34.95,192,132,100
13:33,7.68,34.73,189,132,101
13:34,7.69,31.80,150,132,101
13:35,7.70,31.48,146,132,98
13:36,7.71,33.13,167,132,96
13:37,7.72,33.13,167,132,95
13:38,7.73,33.79,176,132,96
13:39,7.74,32.75,162,132,95
13:40,7.75,32.89,164,131,96
13:41,7.76,35.69,203,131,96
13:42,7.77,33.65,174,131,98
13:43,7.78,32.99,165,132,98
13:44,7.78,32.51,159,131,98
13:45,7.79,33.52,172,132,96
13:46,7.80,35.55,201,131,98
13:47,7.81,36.98,223,131,101
13:48,7.82,35.90,206,131,103
13:49,7.83,35.82,205,132,105
13:50,7.84,38.32,245,132,108
13:51,7.85,36.03,208,132,110
13:52,7.86,35.82,205,132,110
13:53,7.87,34.52,186,132,109
13:54,7.88,33.29,169,133,107
13:55,7.89,39.85,272,133,108
13:56,7.91,39.62,268,134,114
13:57,7.92,36.23,211,134,124
13:58,7.93,36.35,213,134,121
13:59,7.94,35.63,202,135,121
14:00,7.95,33.65,174,135,117
14:01,7.95,32.89,164,135,114
14:02,7.96,34.33,183,135,109
14:03,7.97,32.59,160,136,107
14:04,7.98,35.08,194,136,107
14:05,7.99,34.87,191,136,107
14:06,8.00,35.63,202,136,108
14:07,8.01,34.16,181,136,109
14:08,8.02,33.73,175,136,106
14:09,8.03,34.68,188,136,107
14:10,8.04,33.87,177,137,106
14:11,8.05,33.29,169,137,104
14:12,8.06,35.63,202,137,105
14:13,8.07,35.50,200,137,106
14:14,8.08,33.79,176,137,106
14:15,8.09,33.87,177,137,105
14:16,8.10,35.08,194,137,106
14:17,8.11,35.15,195,137,106
14:18,8.12,33.87,177,138,107
14:19,8.13,34.16,181,137,106
14:20,8.14,34.81,190,138,105
14:21,8.15,34.87,191,138,105
14:22,8.15,35.15,195,138,107
14:23,8.16,34.10,180,137,105
14:24,8.17,34.16,181,138,106
14:25,8.18,34.45,185,138,105
14:26,8.19,34.73,189,138,106
14:27,8.20,34.10,180,138,105
14:28,8.21,35.36,198,138,106
14:29,8.22,36.61,217,138,109
14:30,8.23,37.90,238,138,112
14:31,8.24,33.36,170,138,114
14:32,8.25,38.16,242,138,112
14:33,8.26,34.33,183,138,118
14:34,8.27,43.00,335,138,114
14:35,8.29,45.47,392,138,112
14:36,8.30,44.18,361,138,112
14:37,8.31,43.28,341,139,109
14:38,8.32,44.82,376,139,108
14:39,8.33,43.20,339,139,110
14:40,8.35,42.21,318,139,107
14:41,8.36,42.46,323,139,103
14:42,8.37,42.92,333,139,103
14:43,8.38,42.68,328,140,103
14:44,8.39,43.50,346,140,105
14:45,8.41,43.20,339,140,103
14:46,8.42,43.82,353,141,107
14:47,8.43,43.20,339,141,107
14:48,8.44,42.49,324,141,107
14:49,8.45,41.51,304,142,103
14:50,8.47,41.97,313,142,101
14:51,8.48,41.81,310,142,103
14:52,8.49,41.97,313,143,103
14:53,8.50,40.70,288,143,100
14:54,8.51,41.62,306,144,101
14:55,8.52,41.01,294,144,98
14:56,8.53,41.26,299,144,98
14:57,8.55,40.43,283,144,98
14:58,8.56,39.01,257,145,97
14:59,8.57,36.92,222,145,94
15:00,8.58,35.15,195,145,103
15:01,8.59,34.16,181,146,104
15:02,8.60,32.59,160,146,107
15:03,8.60,31.80,150,146,106
15:04,8.61,30.78,138,146,105
15:05,8.62,30.70,137,146,105
15:06,8.63,35.76,204,147,105
15:07,8.64,29.17,120,147,109
15:08,8.65,30.96,140,147,105
15:09,8.66,33.36,170,147,105
15:10,8.67,31.40,145,147,103
15:11,8.68,35.23,196,148,104
15:12,8.69,33.73,175,148,109
15:13,8.69,32.44,158,148,110
15:14,8.70,30.70,137,148,107
15:15,8.71,31.14,142,149,107
15:16,8.72,31.48,146,148,103
15:17,8.73,32.12,154,149,103
15:18,8.74,32.81,163,149,105
15:19,8.75,31.64,148,148,105
15:20,8.76,30.62,136,149,104
15:21,8.77,34.10,180,149,105
15:22,8.77,34.68,188,149,107
15:23,8.78,33.36,170,148,112
15:24,8.79,32.99,165,148,115
15:25,8.80,32.28,156,149,114
15:26,8.81,32.67,161,148,112
15:27,8.82,31.88,151,149,113
15:28,8.83,32.75,162,148,113
15:29,8.84,32.51,159,148,110
15:30,8.85,31.30,144,148,110
15:31,8.86,33.07,166,148,110
15:32,8.87,34.24,182,147,112
15:33,8.87,32.44,158,147,112
15:34,8.88,33.29,169,147,111
15:35,8.89,32.04,153,146,111
15:36,8.90,32.28,156,146,111
15:37,8.91,31.64,148,146,109
15:38,8.92,33.44,171,146,109
15:39,8.93,32.51,159,146,108
15:40,8.94,33.29,169,146,109
15:41,8.95,32.59,160,145,109
15:42,8.96,32.12,154,145,109
15:43,8.97,33.57,173,145,110
15:44,8.98,35.28,197,145,112
15:45,8.98,33.65,174,145,112
15:46,8.99,33.29,169,145,113
15:47,9.00,32.28,156,144,113
15:48,9.01,32.89,164,144,112
15:49,9.02,32.75,162,144,111
15:50,9.03,33.79,176,145,112
15:51,9.04,33.87,177,145,112
15:52,9.05,31.96,152,145,111
15:53,9.06,34.37,184,145,111
15:54,9.07,34.02,179,144,112
15:55,9.08,33.79,176,144,112
15:56,9.09,33.52,172,144,111
15:57,9.10,33.79,176,144,112
15:58,9.10,32.75,162,144,111
15:59,9.11,33.07,166,144,111
16:00,9.12,31.80,150,144,111
16:01,9.13,31.72,149,144,109
16:02,9.14,33.65,174,144,109
16:03,9.15,32.89,164,143,110
16:04,9.16,32.89,164,143,110
16:05,9.17,34.60,187,143,113
16:06,9.18,33.95,178,143,113
16:07,9.19,33.73,175,143,113
16:08,9.20,34.16,181,143,113
16:09,9.21,34.16,181,143,115
16:10,9.22,33.13,167,143,114
16:11,9.22,31.64,148,143,113
16:12,9.23,31.56,147,143,110
16:13,9.24,31.30,144,143,110
16:14,9.25,34.16,181,143,110
16:15,9.26,34.33,183,143,113
16:16,9.27,32.75,162,143,112
16:17,9.28,32.51,159,143,108
16:18,9.29,33.73,175,142,111
16:19,9.30,33.65,174,142,113
16:20,9.31,32.04,153,142,111
16:21,9.32,34.16,181,142,111
16:22,9.33,33.95,178,142,111
16:23,9.33,33.52,172,142,111
16:24,9.34,33.13,167,142,112
16:25,9.35,34.52,186,142,111
16:26,9.36,33.65,174,141,111
16:27,9.37,33.73,175,141,111
16:28,9.38,33.73,175,141,111
16:29,9.39,33.07,166,140,111
16:30,9.40,33.13,167,140,110
16:31,9.41,34.24,182,141,110
16:32,9.42,34.68,188,141,114
16:33,9.43,34.73,189,140,116
16:34,9.44,33.65,174,140,117
16:35,9.45,35.90,206,140,117
16:36,9.46,32.75,162,140,117
16:37,9.47,33.29,169,139,115
16:38,9.48,33.13,167,139,114
16:39,9.49,35.90,206,140,114
16:40,9.50,36.92,222,140,114
16:41,9.51,33.44,171,139,117
16:42,9.51,33.07,166,140,115
16:43,9.52,33.21,168,140,112
16:44,9.53,34.33,183,139,113
16:45,9.54,33.79,176,140,114
16:46,9.55,33.65,174,140,114
16:47,9.56,33.52,172,140,113
16:48,9.57,34.68,188,140,114
16:49,9.58,34.68,188,140,116
16:50,9.59,34.24,182,140,116
16:51,9.60,34.10,180,140,115
16:52,9.61,35.28,197,140,115
16:53,9.62,35.28,197,140,116
16:54,9.63,33.87,177,140,117
16:55,9.64,33.57,173,141,116
16:56,9.65,34.16,181,141,115
16:57,9.66,34.87,191,141,115
16:58,9.67,34.95,192,140,116
16:59,9.68,34.60,187,141,117
17:00,9.69,34.73,189,140,118
17:01,9.70,34.37,184,141,117
17:02,9.70,34.81,190,141,117
17:03,9.71,35.02,193,141,117
17:04,9.72,35.42,199,141,117
17:05,9.73,34.37,184,141,117
17:06,9.74,35.23,196,141,117
17:07,9.75,34.95,192,142,118
17:08,9.76,35.02,193,142,117
17:09,9.77,34.60,187,142,117
17:10,9.78,35.02,193,142,119
17:11,9.79,35.36,198,142,118
17:12,9.80,35.50,200,142,119
17:13,9.81,34.10,180,142,118
17:14,9.82,35.02,193,142,119
17:15,9.83,33.44,171,142,119
17:16,9.84,34.16,181,142,117
17:17,9.85,36.03,208,142,117
17:18,9.86,35.90,206,142,119
17:19,9.87,36.08,209,142,121
17:20,9.88,35.23,196,142,120
17:21,9.89,35.90,206,142,123
17:22,9.90,36.35,213,142,123
17:23,9.91,37.17,226,142,123
17:24,9.92,36.29,212,142,123
17:25,9.93,35.50,200,143,123
17:26,9.94,34.33,183,143,122
17:27,9.95,35.50,200,143,119
17:28,9.96,33.79,176,143,118
17:29,9.97,36.08,209,143,117
17:30,9.98,37.17,226,143,120
17:31,9.99,34.95,192,144,120
17:32,10.00,34.68,188,143,119
17:33,10.01,33.79,176,144,118
17:34,10.02,33.52,172,144,117
17:35,10.03,34.37,184,144,117
17:36,10.04,38.90,255,144,117
17:37,10.05,39.41,264,144,118
17:38,10.06,38.56,249,144,118
17:39,10.07,37.67,234,144,119
17:40,10.08,38.56,249,144,120
17:41,10.09,37.59,233,144,119
17:42,10.10,37.37,229,144,119
17:43,10.11,37.98,239,144,116
17:44,10.12,38.16,242,144,119
17:45,10.13,37.05,224,145,117
17:46,10.14,37.90,238,145,117
17:47,10.15,38.21,243,145,117
17:48,10.16,37.98,239,145,118
17:49,10.17,38.21,243,145,118
17:50,10.19,38.21,243,145,118
17:51,10.20,37.90,238,145,119
17:52,10.21,38.03,240,146,119
17:53,10.22,37.79,236,146,118
17:54,10.23,38.72,252,146,118
17:55,10.24,37.11,225,146,117
17:56,10.25,38.43,247,146,117
17:57,10.26,38.32,245,147,117
17:58,10.27,39.46,265,147,118
17:59,10.28,37.85,237,147,118
18:00,10.29,38.56,249,147,120
18:01,10.30,37.85,237,147,120
18:02,10.31,37.05,224,148,119
18:03,10.32,39.67,269,148,120
18:04,10.33,38.78,253,148,122
18:05,10.34,36.66,218,149,120
18:06,10.35,38.32,245,149,119
18:07,10.37,37.79,236,149,118
18:08,10.38,38.16,242,149,118
18:09,10.39,38.85,254,150,119
18:10,10.40,37.59,233,150,120
18:11,10.41,37.85,237,150,119
18:12,10.42,39.57,267,150,118
18:13,10.43,38.03,240,150,119
18:14,10.44,37.37,229,150,118
18:15,10.45,38.61,250,150,116
18:16,10.46,38.72,252,150,118
18:17,10.47,37.42,230,151,118
18:18,10.48,36.42,214,151,116
18:19,10.49,37.79,236,151,115
18:20,10.50,37.17,226,151,115
18:21,10.51,38.90,255,151,115
18:22,10.52,38.61,250,151,117
18:23,10.53,38.43,247,152,117
18:24,10.55,38.43,247,152,117
18:25,10.56,38.32,245,152,119
18:26,10.57,37.17,226,151,118
18:27,10.58,36.53,216,152,117
18:28,10.59,37.11,225,152,116
18:29,10.60,37.55,232,152,115
18:30,10.61,38.25,244,152,114
18:31,10.62,37.37,229,152,116
18:32,10.63,37.67,234,152,115
18:33,10.64,37.37,229,152,116
18:34,10.65,38.38,246,152,117
18:35,10.66,38.61,250,152,117
18:36,10.67,36.61,217,152,118
18:37,10.68,37.59,233,152,116
18:38,10.69,37.79,236,152,115
18:39,10.70,36.42,214,152,114
18:40,10.71,37.48,231,152,114
18:41,10.72,38.67,251,152,115
18:42,10.73,37.90,238,152,116
18:43,10.74,36.53,216,152,116
18:44,10.75,35.95,207,153,114
18:45,10.76,37.37,229,153,113
18:46,10.77,37.11,225,153,114
18:47,10.78,36.79,220,153,115
18:48,10.79,37.17,226,153,113
18:49,10.81,38.43,247,153,115
18:50,10.82,38.61,250,153,117
18:51,10.83,38.38,246,153,120
18:52,10.84,38.21,243,153,120
18:53,10.85,38.56,249,153,120
18:54,10.86,36.79,220,154,118
18:55,10.87,36.74,219,153,117
18:56,10.88,34.95,192,154,114
18:57,10.89,35.50,200,154,110
18:58,10.90,34.45,185,154,108
18:59,10.91,33.44,171,154,105
19:00,10.92,34.95,192,154,103
19:01,10.93,39.24,261,154,92
19:02,10.94,39.24,261,153,86
19:03,10.95,39.01,257,153,82
19:04,10.96,38.38,246,153,76
19:05,10.97,40.06,276,153,76
19:06,10.98,40.59,286,153,76
19:07,10.99,40.22,279,153,75
19:08,11.00,42.05,315,153,76
19:09,11.02,41.97,313,152,78
19:10,11.03,42.46,323,152,77
19:11,11.04,43.20,339,153,77
19:12,11.05,43.20,339,153,79
19:13,11.06,43.50,346,153,79
19:14,11.08,42.63,327,153,78
19:15,11.09,42.63,327,153,78
19:16,11.10,42.46,323,153,77
19:17,11.11,42.26,319,153,76
19:18,11.12,42.54,325,153,76
19:19,11.14,42.46,323,154,77
19:20,11.15,41.97,313,154,77
19:21,11.16,43.05,336,154,77
19:22,11.17,43.78,352,154,77
19:23,11.18,43.60,348,155,77
19:24,11.19,41.41,302,155,77
19:25,11.20,33.87,177,155,95
19:26,11.21,29.64,125,155,98
19:27,11.22,30.53,135,155,92
19:28,11.23,32.12,154,155,90
19:29,11.24,31.96,152,155,89
19:30,11.25,31.56,147,155,89
19:31,11.26,31.40,145,155,89
19:32,11.27,31.56,147,155,88
19:33,11.27,31.48,146,155,88
19:34,11.28,31.56,147,155,88
19:35,11.29,31.64,148,155,88
19:36,11.30,31.22,143,155,88
19:37,11.31,31.48,146,154,87
19:38,11.32,31.64,148,154,88
19:39,11.33,32.44,158,154,88
19:40,11.34,31.88,151,154,90
19:41,11.34,32.28,156,155,90
19:42,11.35,32.51,159,154,90
19:43,11.36,31.88,151,154,90
19:44,11.37,31.88,151,154,90
19:45,11.38,32.67,161,154,93
19:46,11.39,38.90,255,153,91
19:47,11.40,43.78,352,153,78
19:48,11.42,43.82,353,153,78
19:49,11.43,43.28,341,153,76
19:50,11.44,43.65,349,153,75
19:51,11.45,45.14,384,153,78
19:52,11.47,44.85,377,153,80
19:53,11.48,43.60,348,153,79
19:54,11.49,44.82,376,152,77
19:55,11.50,44.77,375,153,79
19:56,11.51,45.11,383,153,80
19:57,11.53,45.53,393,153,80
19:58,11.54,45.19,385,153,80
19:59,11.55,45.14,384,153,80
20:00,11.56,44.82,376,153,80
20:01,11.58,45.03,381,153,79
20:02,11.59,45.14,384,153,79
20:03,11.60,44.95,379,153,80
20:04,11.62,46.55,419,153,81
20:05,11.63,46.40,415,153,82
20:06,11.64,45.64,396,154,82
20:07,11.65,46.43,416,154,82
20:08,11.67,44.95,379,154,81
20:09,11.68,44.52,369,155,80
20:10,11.69,35.82,205,155,88
20:11,11.70,32.81,163,155,91
20:12,11.71,33.52,172,155,93
20:13,11.72,32.81,163,155,91
20:14,11.73,32.75,162,155,90
20:15,11.73,32.04,153,156,90
20:16,11.74,32.04,153,156,88
20:17,11.75,32.36,157,156,88
20:18,11.76,32.44,158,156,87
20:19,11.77,32.99,165,156,87
20:20,11.78,32.99,165,156,88
20:21,11.79,33.07,166,156,89
20:22,11.80,32.20,155,155,88
20:23,11.81,31.96,152,156,88
20:24,11.82,33.13,167,156,88
20:25,11.83,33.21,168,156,90
20:26,11.84,33.57,173,156,90
20:27,11.84,33.07,166,156,90
20:28,11.85,33.65,174,156,91
20:29,11.86,34.02,179,156,92
20:30,11.87,33.95,178,156,93
20:31,11.88,33.57,173,156,93
20:32,11.89,32.99,165,156,93
20:33,11.90,33.36,170,155,93
20:34,11.91,34.24,182,156,92
20:35,11.92,37.55,232,155,93
20:36,11.93,44.08,359,155,84
20:37,11.94,43.47,345,155,80
20:38,11.96,44.05,358,155,80
20:39,11.97,44.77,375,155,81
20:40,11.98,44.85,377,155,81
20:41,11.99,45.61,395,155,82
20:42,12.01,45.14,384,155,82
20:43,12.02,46.00,405,154,82
20:44,12.03,45.80,400,154,83
20:45,12.04,45.53,393,155,83
20:46,12.06,45.47,392,155,82
20:47,12.07,45.47,392,154,83
20:48,12.08,45.19,385,155,82
20:49,12.10,44.82,376,154,81
20:50,12.11,44.69,373,154,81
20:51,12.12,44.90,378,155,82
20:52,12.13,44.98,380,155,82
20:53,12.14,45.03,381,155,82
20:54,12.16,45.19,385,155,82
20:55,12.17,45.61,395,156,82
20:56,12.18,45.97,404,156,84
20:57,12.20,45.68,397,156,85
20:58,12.21,45.53,393,156,85
20:59,12.22,45.14,384,157,83
21:00,12.23,44.95,379,157,82
21:01,12.25,45.19,385,157,83
21:02,12.26,44.34,365,157,81
21:03,12.27,43.24,340,157,79
21:04,12.28,42.10,316,157,76
21:05,12.29,31.80,150,157,81
21:06,12.30,31.64,148,157,84
21:07,12.31,31.72,149,157,86
21:08,12.32,31.40,145,157,85
21:09,12.33,31.56,147,158,85
21:10,12.34,32.81,163,157,86
21:11,12.34,32.51,159,157,87
21:12,12.35,32.04,153,157,86
21:13,12.36,32.89,164,157,85
21:14,12.37,32.04,153,157,87
21:15,12.38,30.78,138,157,91
21:16,12.39,31.64,148,157,91
21:17,12.40,31.30,144,156,91
21:18,12.41,30.70,137,156,92
21:19,12.41,31.14,142,156,92
21:20,12.42,30.78,138,156,92
21:21,12.43,30.78,138,156,92
21:22,12.44,30.96,140,156,92
21:23,12.45,30.96,140,156,92
21:24,12.46,31.72,149,156,93
21:25,12.47,31.14,142,156,94
21:26,12.47,30.96,140,156,93
21:27,12.48,30.70,137,156,93
21:28,12.49,30.36,133,155,94
21:29,12.50,30.09,130,155,94
21:30,12.51,34.24,182,155,94
21:31,12.52,32.20,155,156,96
21:32,12.53,30.53,135,156,97
21:33,12.54,31.40,145,155,94
21:34,12.54,31.56,147,155,93
21:35,12.55,32.04,153,154,93
21:36,12.56,32.51,159,154,93
21:37,12.57,32.51,159,154,95
21:38,12.58,33.36,170,154,95
21:39,12.59,34.52,186,154,96
21:40,12.60,30.96,140,154,99
21:41,12.61,30.27,132,155,101
21:42,12.62,31.04,141,155,98
21:43,12.62,31.48,146,154,98
21:44,12.63,30.88,139,154,96
21:45,12.64,31.56,147,154,95
21:46,12.65,31.40,145,154,96
21:47,12.66,30.62,136,153,95
21:48,12.67,31.48,146,153,94
21:49,12.68,30.36,133,153,94
21:50,12.68,30.53,135,153,94
21:51,12.69,31.30,144,152,95
21:52,12.70,31.30,144,151,95
21:53,12.71,32.36,157,151,97
21:54,12.72,32.59,160,150,98
21:55,12.73,32.28,156,150,99
21:56,12.74,32.51,159,150,99
21:57,12.75,30.78,138,149,100
21:58,12.76,31.40,145,148,99
21:59,12.76,30.53,135,148,97
22:00,12.77,30.88,139,148,96
22:01,12.78,32.81,163,147,97
22:02,12.79,31.72,149,147,100
22:03,12.80,30.36,133,147,100
22:04,12.81,31.40,145,146,99
22:05,12.82,31.14,142,146,98
22:06,12.83,30.01,129,145,97
22:07,12.83,30.27,132,145,95
22:08,12.84,30.62,136,144,94
22:09,12.85,30.96,140,144,94
22:10,12.86,30.78,138,143,94
22:11,12.87,30.45,134,143,93
22:12,12.88,30.70,137,143,93
22:13,12.88,31.40,145,143,94
22:14,12.89,32.04,153,143,94
22:15,12.90,32.28,156,142,96
22:16,12.91,31.30,144,142,96
22:17,12.92,31.80,150,142,96
22:18,12.93,31.14,142,142,95
22:19,12.94,31.56,147,142,95
22:20,12.95,31.88,151,142,96
22:21,12.95,31.30,144,142,97
22:22,12.96,31.56,147,142,97
22:23,12.97,30.53,135,141,96
22:24,12.98,30.45,134,141,95
22:25,12.99,30.27,132,141,94
22:26,13.00,30.78,138,141,94
22:27,13.01,31.04,141,141,94
22:28,13.01,30.88,139,141,95
22:29,13.02,30.19,131,141,95
22:30,13.03,30.96,140,140,95
22:31,13.04,30.45,134,141,95
22:32,13.05,30.19,131,140,95
22:33,13.06,30.78,138,140,94
22:34,13.07,31.48,146,140,94
22:35,13.07,31.96,152,140,95
22:36,13.08,31.80,150,140,95
22:37,13.09,31.22,143,140,95
22:38,13.10,31.40,145,140,96
22:39,13.11,31.48,146,140,96
22:40,13.12,31.40,145,140,95
22:41,13.13,31.80,150,140,96
22:42,13.14,31.48,146,140,96
22:43,13.14,30.53,135,139,96
22:44,13.15,29.72,126,139,94
22:45,13.16,31.56,147,139,92
22:46,13.17,28.42,112,138,92
22:47,13.18,30.53,135,138,89
22:48,13.19,29.72,126,138,88
22:49,13.20,29.83,127,137,86
22:50,13.20,30.62,136,137,85
22:51,13.21,30.45,134,138,85
22:52,13.22,33.65,174,138,89
22:53,13.23,29.00,118,137,88
22:54,13.24,28.22,110,137,88
22:55,13.25,28.42,112,136,87
22:56,13.25,29.00,118,136,87
22:57,13.26,33.87,177,135,88
22:58,13.27,29.17,120,135,94
22:59,13.28,29.37,122,134,93
23:00,13.29,32.20,155,133,91
23:01,13.30,30.27,132,133,90
23:02,13.31,29.54,124,133,90
23:03,13.31,30.70,137,133,89
23:04,13.32,30.27,132,133,88
23:05,13.33,30.62,136,133,88
23:06,13.34,30.27,132,132,89
23:07,13.35,34.68,188,132,89
23:08,13.36,30.88,139,132,91
23:09,13.37,32.36,157,132,95
23:10,13.38,33.13,167,132,98
23:11,13.39,35.76,204,132,97
23:12,13.40,41.06,295,132,88
23:13,13.41,42.15,317,132,77
23:14,13.42,41.26,299,132,75
23:15,13.43,41.91,312,133,78
23:16,13.44,42.29,320,133,77
23:17,13.45,42.97,334,134,76
23:18,13.47,44.82,376,134,77
23:19,13.48,43.74,351,134,78
23:20,13.49,42.63,327,135,77
23:21,13.50,42.81,331,135,75
23:22,13.52,43.15,338,135,75
23:23,13.53,43.39,343,136,76
23:24,13.54,43.47,345,137,77
23:25,13.55,43.50,346,137,76
23:26,13.56,43.28,341,138,76
23:27,13.58,43.15,338,139,76
23:28,13.59,43.10,337,139,76
23:29,13.60,42.81,331,139,75
23:30,13.61,42.92,333,140,75
23:31,13.62,43.05,336,140,75
23:32,13.63,42.58,326,141,76
23:33,13.65,42.73,329,142,76
23:34,13.66,43.24,340,142,75
23:35,13.67,43.05,336,142,76
23:36,13.68,43.15,338,143,76
23:37,13.69,43.86,354,144,76
23:38,13.71,43.47,345,144,76
23:39,13.72,43.70,350,145,76
23:40,13.73,43.39,343,145,77
23:41,13.74,43.20,339,146,77
23:42,13.76,42.97,334,146,76
23:43,13.77,42.97,334,146,76
23:44,13.78,42.54,325,147,76
23:45,13.79,41.76,309,147,75
23:46,13.80,43.15,338,147,75
23:47,13.81,43.20,339,148,75
23:48,13.83,42.63,327,148,75
23:49,13.84,43.15,338,149,76
23:50,13.85,42.58,326,149,75
23:51,13.86,42.39,322,149,74
23:52,13.87,42.78,330,149,75
23:53,13.89,43.55,347,149,75
23:54,13.90,42.63,327,150,75
23:55,13.91,43.20,339,150,75
23:56,13.92,38.03,240,150,77
23:57,13.93,29.27,121,150,87
23:58,13.94,29.46,123,150,87
23:59,13.94,30.09,130,151,84
24:00,13.95,30.70,137,151,83
24:01,13.96,30.62,136,151,83
24:02,13.97,30.88,139,151,83
24:03,13.98,30.45,134,151,83
24:04,13.99,32.51,159,151,84
24:05,14.00,31.88,151,151,86
24:06,14.01,32.44,158,152,87
24:07,14.01,30.27,132,152,87
24:08,14.02,31.22,143,151,86
24:09,14.03,30.96,140,152,86
24:10,14.04,31.04,141,152,87
24:11,14.05,30.88,139,152,87
24:12,14.06,31.22,143,152,87
24:13,14.07,30.88,139,151,87
24:14,14.07,31.30,144,151,87
24:15,14.08,31.56,147,151,88
24:16,14.09,31.22,143,151,88
24:17,14.10,31.14,142,151,87
24:18,14.11,31.14,142,151,87
24:19,14.12,31.30,144,151,88
24:20,14.13,31.14,142,151,89
24:21,14.14,30.45,134,151,88
24:22,14.14,30.78,138,151,88
24:23,14.15,39.96,274,151,89
24:24,14.17,43.86,354,151,89
24:25,14.18,44.48,368,151,85
24:26,14.19,44.60,371,150,82
24:27,14.20,44.34,365,151,79
24:28,14.22,44.34,365,150,77
24:29,14.23,43.55,347,150,76
24:30,14.24,43.10,337,150,76
24:31,14.25,41.62,306,150,77
24:32,14.26,41.76,309,150,78
24:33,14.27,42.81,331,150,80
24:34,14.29,42.02,314,150,81
24:35,14.30,42.63,327,150,80
24:36,14.31,41.62,306,151,79
24:37,14.32,41.86,311,150,78
24:38,14.33,41.86,311,150,78
24:39,14.34,41.97,313,151,78
24:40,14.36,42.68,328,151,80
24:41,14.37,42.81,331,151,81
24:42,14.38,43.20,339,151,81
24:43,14.39,42.97,334,151,80
24:44,14.40,42.81,331,152,79
24:45,14.42,42.58,326,152,78
24:46,14.43,42.26,319,153,78
24:47,14.44,42.49,324,152,78
24:48,14.45,42.26,319,153,77
24:49,14.46,42.49,324,153,77
24:50,14.48,42.63,327,153,77
24:51,14.49,42.34,321,153,77
24:52,14.50,41.67,307,154,77
24:53,14.51,42.26,319,154,77
24:54,14.52,42.54,325,154,78
24:55,14.53,42.81,331,154,78
24:56,14.55,42.97,334,154,79
24:57,14.56,32.20,155,154,87
24:58,14.56,31.04,141,154,93
24:59,14.57,30.88,139,154,92
25:00,14.58,31.64,148,154,90
25:01,14.59,31.56,147,154,89
25:02,14.60,30.96,140,154,89
25:03,14.61,32.12,154,155,90
25:04,14.62,32.12,154,154,90
25:05,14.63,30.78,138,155,90
25:06,14.63,30.96,140,155,89
25:07,14.64,31.04,141,154,88
25:08,14.65,31.14,142,155,87
25:09,14.66,31.22,143,155,88
25:10,14.67,30.96,140,154,88
25:11,14.68,31.40,145,154,88
25:12,14.69,31.04,141,155,90
25:13,14.69,30.78,138,154,91
25:14,14.70,31.40,145,154,92
25:15,14.71,31.80,150,154,92
25:16,14.72,32.36,157,154,92
25:17,14.73,38.03,240,154,93
25:18,14.74,42.34,321,154,81
25:19,14.75,41.81,310,154,81
25:20,14.77,42.05,315,154,80
25:21,14.78,44.34,365,154,83
25:22,14.79,42.86,332,154,84
25:23,14.80,42.39,322,154,82
25:24,14.81,43.10,337,154,80
25:25,14.83,42.46,323,154,80
25:26,14.84,42.39,322,154,78
25:27,14.85,43.74,351,155,79
25:28,14.86,43.42,344,154,80
25:29,14.87,43.10,337,154,79
25:30,14.89,43.00,335,154,80
25:31,14.90,43.15,338,154,80
25:32,14.91,43.10,337,154,80
25:33,14.92,42.73,329,154,79
25:34,14.93,43.00,335,154,78
25:35,14.95,42.73,329,154,78
25:36,14.96,42.10,316,155,77
25:37,14.97,43.05,336,155,78
25:38,14.98,42.78,330,154,78
25:39,14.99,42.97,334,155,79
25:40,15.01,43.82,353,155,80
25:41,15.02,43.00,335,155,81
25:42,15.03,43.82,353,155,81
25:43,15.04,43.28,341,155,82
25:44,15.05,42.73,329,155,81
25:45,15.07,43.28,341,155,80
25:46,15.08,43.60,348,156,80
25:47,15.09,43.95,356,156,81
25:48,15.10,43.50,346,156,81
25:49,15.11,43.92,355,157,80
25:50,15.13,44.05,358,156,80
25:51,15.14,44.00,357,157,80
25:52,15.15,44.56,370,157,81
25:53,15.16,43.86,354,157,82
25:54,15.18,43.60,348,158,82
25:55,15.19,43.00,335,157,80
25:56,15.20,41.62,306,158,79
25:57,15.21,37.59,233,158,77
25:58,15.22,32.67,161,158,78
25:59,15.23,29.91,128,158,83
26:00,15.24,32.36,157,158,84
26:01,15.25,31.22,143,158,89
26:02,15.25,31.72,149,159,90
26:03,15.26,30.88,139,158,95
26:04,15.27,30.27,132,158,93
26:05,15.28,29.27,121,158,93
26:06,15.29,29.17,120,158,92
26:07,15.30,30.01,129,158,91
26:08,15.30,30.27,132,158,92
26:09,15.31,30.19,131,158,91
26:10,15.32,30.70,137,158,92
26:11,15.33,30.96,140,158,92
26:12,15.34,30.19,131,158,93
26:13,15.35,30.36,133,158,92
26:14,15.35,30.45,134,158,91
26:15,15.36,29.83,127,158,91
26:16,15.37,29.83,127,157,92
26:17,15.38,33.52,172,157,92
26:18,15.39,44.65,372,158,82
26:19,15.41,42.81,331,157,80
26:20,15.42,43.55,347,157,80
26:21,15.43,44.15,360,157,79
26:22,15.44,43.82,353,157,80
26:23,15.45,43.65,349,157,81
26:24,15.47,43.10,337,157,80
26:25,15.48,43.50,346,157,79
26:26,15.49,43.74,351,156,79
26:27,15.50,44.44,367,156,81
26:28,15.51,43.42,344,156,81
26:29,15.53,42.78,330,156,80
26:30,15.54,43.60,348,157,80
26:31,15.55,43.28,341,157,80
26:32,15.56,44.18,361,157,81
26:33,15.57,43.55,347,156,81
26:34,15.59,43.10,337,156,81
26:35,15.60,42.81,331,157,81
26:36,15.61,44.26,363,157,80
26:37,15.62,44.15,360,157,82
26:38,15.64,43.82,353,157,82
26:39,15.65,44.60,371,157,82
26:40,15.66,43.86,354,158,81
26:41,15.67,43.74,351,158,81
26:42,15.68,43.10,337,158,81
26:43,15.70,43.39,343,158,80
26:44,15.71,43.70,350,158,80
26:45,15.72,43.60,348,158,80
26:46,15.73,43.74,351,159,80
26:47,15.74,43.95,356,159,80
26:48,15.76,43.86,354,159,81
26:49,15.77,44.08,359,159,81
26:50,15.78,43.65,349,159,80
26:51,15.79,43.00,335,159,80
26:52,15.81,43.60,348,160,81
26:53,15.82,42.54,325,160,80
26:54,15.83,43.10,337,160,79
26:55,15.84,43.50,346,160,80
26:56,15.85,42.26,319,160,81
26:57,15.86,36.74,219,160,81
26:58,15.87,29.72,126,160,84
26:59,15.88,29.54,124,160,86
27:00,15.89,30.45,134,160,91
27:01,15.90,29.46,123,160,92
27:02,15.91,29.37,122,160,94
27:03,15.91,30.36,133,160,92
27:04,15.92,30.96,140,159,94
27:05,15.93,30.62,136,160,95
27:06,15.94,29.46,123,159,95
27:07,15.95,29.09,119,159,93
27:08,15.96,29.09,119,159,91
27:09,15.96,29.27,121,159,90
27:10,15.97,29.64,125,159,90
27:11,15.98,30.09,130,159,90
27:12,15.99,31.14,142,158,92
27:13,16.00,31.14,142,158,94
27:14,16.01,31.04,141,158,94
27:15,16.01,30.01,129,158,95
27:16,16.02,30.01,129,158,95
27:17,16.03,31.72,149,159,96
27:18,16.04,35.28,197,158,97
27:19,16.05,44.74,374,158,87
27:20,16.07,42.34,321,158,82
27:21,16.08,41.97,313,158,80
27:22,16.09,43.15,338,158,79
27:23,16.10,43.74,351,158,78
27:24,16.11,43.33,342,159,78
27:25,16.12,43.00,335,159,78
27:26,16.14,42.29,320,159,77
27:27,16.15,41.51,304,158,76
27:28,16.16,42.02,314,158,75
27:29,16.17,42.81,331,159,76
27:30,16.18,43.65,349,159,77
27:31,16.20,43.28,341,158,78
27:32,16.21,42.58,326,158,76
27:33,16.22,42.86,332,158,75
27:34,16.23,43.24,340,158,75
27:35,16.24,43.20,339,159,76
27:36,16.26,43.28,341,158,76
27:37,16.27,42.81,331,158,76
27:38,16.28,43.50,346,158,76
27:39,16.29,43.47,345,158,77
27:40,16.30,44.18,361,159,76
27:41,16.32,44.69,373,159,77
27:42,16.33,44.56,370,159,79
27:43,16.34,44.56,370,159,78
27:44,16.35,44.69,373,159,79
27:45,16.37,42.78,330,160,77
27:46,16.38,43.15,338,159,76
27:47,16.39,43.15,338,160,77
27:48,16.40,43.74,351,160,77
27:49,16.41,44.00,357,160,77
27:50,16.43,44.05,358,160,78
27:51,16.44,42.39,322,160,77
27:52,16.45,43.74,351,160,75
27:53,16.46,43.74,351,160,75
27:54,16.47,43.74,351,160,77
27:55,16.49,43.47,345,160,76
27:56,16.50,32.36,157,160,80
27:57,16.50,30.09,130,160,82
27:58,16.51,30.70,137,161,84
27:59,16.52,31.30,144,161,84
28:00,16.53,30.62,136,160,85
28:01,16.54,30.01,129,160,88
28:02,16.55,30.27,132,160,89
28:03,16.56,28.51,113,160,88
28:04,16.56,28.61,114,160,87
28:05,16.57,28.80,116,160,87
28:06,16.58,30.09,130,159,87
28:07,16.59,29.54,124,159,88
28:08,16.60,29.27,121,159,89
28:09,16.60,29.27,121,159,89
28:10,16.61,29.27,121,159,89
28:11,16.62,29.37,122,159,90
28:12,16.63,29.00,118,158,90
28:13,16.64,29.37,122,158,88
28:14,16.64,30.27,132,159,87
28:15,16.65,30.45,134,158,88
28:16,16.66,31.88,151,158,90
28:17,16.67,31.40,145,158,92
28:18,16.68,30.09,130,157,95
28:19,16.69,28.80,116,158,97
28:20,16.69,26.87,97,158,96
28:21,16.70,25.99,89,157,93
28:22,16.71,27.92,107,157,87
28:23,16.72,28.51,113,157,88
28:24,16.72,28.80,116,157,89
28:25,16.73,30.88,139,157,90
28:26,16.74,28.51,113,157,94
28:27,16.75,28.42,112,157,93
28:28,16.76,27.40,102,157,91
28:29,16.76,26.44,93,157,90
28:30,16.77,27.51,103,156,87
28:31,16.78,28.11,109,156,87
28:32,16.79,29.00,118,157,86
28:33,16.80,28.32,111,156,86
28:34,16.80,29.27,121,156,88
28:35,16.81,29.91,128,156,90
28:36,16.82,29.00,118,156,92
28:37,16.83,28.80,116,156,91
28:38,16.84,29.09,119,156,91
28:39,16.84,31.30,144,156,92
28:40,16.85,31.04,141,156,95
28:41,16.86,31.04,141,156,98
28:42,16.87,26.98,98,155,99
28:43,16.88,26.32,92,155,98
28:44,16.88,27.40,102,155,96
28:45,16.89,27.29,101,154,95
28:46,16.90,27.61,104,154,93
28:47,16.91,27.61,104,153,93
28:48,16.91,28.11,109,153,93
28:49,16.92,28.71,115,153,94
28:50,16.93,29.91,128,152,94
28:51,16.94,32.44,158,152,99
28:52,16.95,31.72,149,151,101
28:53,16.96,30.19,131,151,102
28:54,16.97,29.37,122,151,101
28:55,16.97,28.80,116,150,101
28:56,16.98,29.37,122,149,99
28:57,16.99,29.83,127,149,99
28:58,17.00,30.53,135,149,99
28:59,17.01,29.83,127,148,99
29:00,17.01,29.09,119,147,99
29:01,17.02,29.17,120,147,98
29:02,17.03,28.42,112,146,98
29:03,17.04,29.17,120,146,97
29:04,17.05,29.91,128,146,98
29:05,17.06,29.17,120,145,98
29:06,17.06,29.46,123,145,98
29:07,17.07,29.09,119,145,99
29:08,17.08,29.27,121,145,99
29:09,17.09,30.19,131,145,100
29:10,17.10,30.36,133,144,102
29:11,17.10,29.09,119,144,101
29:12,17.11,28.80,116,144,101
29:13,17.12,30.27,132,143,101
29:14,17.13,30.27,132,143,99
29:15,17.14,28.51,113,143,101
29:16,17.15,29.91,128,143,100
29:17,17.15,29.83,127,143,99
29:18,17.16,30.36,133,143,100
29:19,17.17,29.00,118,143,100
29:20,17.18,30.19,131,143,100
29:21,17.19,31.22,143,142,101
29:22,17.20,30.09,130,141,102
29:23,17.20,29.17,120,141,102
29:24,17.21,30.45,134,141,102
29:25,17.22,30.45,134,141,102
29:26,17.23,30.45,134,141,103
29:27,17.24,29.83,127,141,103
29:28,17.25,29.72,126,141,103
29:29,17.25,29.72,126,140,103
29:30,17.26,29.37,122,141,102
29:31,17.27,29.46,123,140,100
29:32,17.28,30.78,138,140,102
29:33,17.29,29.54,124,140,99
29:34,17.30,30.88,139,140,100
29:35,17.30,30.09,130,140,103
29:36,17.31,30.36,133,140,104
29:37,17.32,28.61,114,139,102
29:38,17.33,30.78,138,139,103
29:39,17.34,30.96,140,139,103
29:40,17.35,29.91,128,138,106
29:41,17.35,28.22,110,138,106
29:42,17.36,29.17,120,138,102
29:43,17.37,28.42,112,137,98
29:44,17.38,29.37,122,137,97
29:45,17.39,29.54,124,137,97
29:46,17.39,28.61,114,137,95
29:47,17.40,29.72,126,136,95
29:48,17.41,28.71,115,136,94
29:49,17.42,30.27,132,136,94
29:50,17.43,28.32,111,136,94
29:51,17.43,28.32,111,136,94
29:52,17.44,29.09,119,135,93
29:53,17.45,29.27,121,136,93
29:54,17.46,29.72,126,136,93
29:55,17.47,30.01,129,135,93
29:56,17.48,29.46,123,136,94
29:57,17.48,29.46,123,136,94
29:58,17.49,34.68,188,136,98
29:59,17.50,30.45,134,136,101
30:00,17.51,30.09,130,136,102
30:01,17.52,29.09,119,136,104
30:02,17.53,33.44,171,136,103
30:03,17.54,29.27,121,136,105
30:04,17.54,29.37,122,136,104
30:05,17.55,30.27,132,137,104
30:06,17.56,29.37,122,136,101
30:07,17.57,29.54,124,136,101
30:08,17.58,30.62,136,136,102
30:09,17.59,29.91,128,136,102
30:10,17.59,29.91,128,136,102
30:11,17.60,31.04,141,136,102
30:12,17.61,30.45,134,136,103
30:13,17.62,30.36,133,136,104
30:14,17.63,28.61,114,136,102
30:15,17.64,30.19,131,135,102
30:16,17.64,30.96,140,135,103
30:17,17.65,30.62,136,135,102
30:18,17.66,31.04,141,135,103
30:19,17.67,31.56,147,135,104
30:20,17.68,30.45,134,135,103
30:21,17.69,32.67,161,135,106
30:22,17.70,30.53,135,135,108
30:23,17.70,29.72,126,134,108
30:24,17.71,32.59,160,134,106
30:25,17.72,31.88,151,134,107
30:26,17.73,29.00,118,133,106
30:27,17.74,29.54,124,133,106
30:28,17.75,29.27,121,132,104
30:29,17.75,30.45,134,131,103
30:30,17.76,29.72,126,131,102
30:31,17.77,32.67,161,131,106
30:32,17.78,30.09,130,131,106
30:33,17.79,29.83,127,131,104
30:34,17.80,30.27,132,131,103
30:35,17.81,29.72,126,131,103
30:36,17.81,29.64,125,131,102
30:37,17.82,30.19,131,131,103
30:38,17.83,31.04,141,131,104
30:39,17.84,31.22,143,132,105
30:40,17.85,30.70,137,132,105
30:41,17.86,31.80,150,132,106
30:42,17.86,30.19,131,132,104
30:43,17.87,30.27,132,132,105
30:44,17.88,30.36,133,132,104
30:45,17.89,31.40,145,132,105
30:46,17.90,30.01,129,133,106
30:47,17.91,30.01,129,133,105
30:48,17.92,31.14,142,133,104
30:49,17.92,30.27,132,133,105
30:50,17.93,32.12,154,133,107
30:51,17.94,30.36,133,133,106
30:52,17.95,30.96,140,133,107
30:53,17.96,30.96,140,133,107
30:54,17.97,30.36,133,132,106
30:55,17.98,30.09,130,132,106
30:56,17.98,31.40,145,132,107
30:57,17.99,37.29,228,133,107
30:58,18.01,42.86,332,132,100
30:59,18.02,42.26,319,132,85
31:00,18.03,42.63,327,133,83
31:01,18.04,42.81,331,133,82
31:02,18.05,42.10,316,133,80
31:03,18.06,43.24,340,133,80
31:04,18.08,42.49,324,133,82
31:05,18.09,42.10,316,133,81
31:06,18.10,42.39,322,134,80
31:07,18.11,41.91,312,134,79
31:08,18.12,42.49,324,134,79
31:09,18.14,43.47,345,135,81
31:10,18.15,43.15,338,135,82
31:11,18.16,42.68,328,136,81
31:12,18.17,42.15,317,137,80
31:13,18.18,41.67,307,137,80
31:14,18.19,41.91,312,138,78
31:15,18.21,41.91,312,138,78
31:16,18.22,41.62,306,139,78
31:17,18.23,42.26,319,139,78
31:18,18.24,42.49,324,140,78
31:19,18.25,43.39,343,140,80
31:20,18.26,43.95,356,141,81
31:21,18.28,42.29,320,142,80
31:22,18.29,42.49,324,142,79
31:23,18.30,42.68,328,143,77
31:24,18.31,41.91,312,143,77
31:25,18.32,41.91,312,144,77
31:26,18.34,42.81,331,145,78
31:27,18.35,43.39,343,145,79
31:28,18.36,42.86,332,145,80
31:29,18.37,42.81,331,146,80
31:30,18.38,43.33,342,146,80
31:31,18.40,44.31,364,146,80
31:32,18.41,43.28,341,147,80
31:33,18.42,42.97,334,147,79
31:34,18.43,43.39,343,148,79
31:35,18.44,42.86,332,148,80
31:36,18.46,43.60,348,148,81
31:37,18.47,37.29,228,149,84
31:38,18.48,30.62,136,149,87
31:39,18.48,30.62,136,149,88
31:40,18.49,31.22,143,150,88
31:41,18.50,29.64,125,150,87
31:42,18.51,29.72,126,150,88
31:43,18.52,30.88,139,150,87
31:44,18.53,30.70,137,150,87
31:45,18.53,30.53,135,150,87
31:46,18.54,30.96,140,150,89
31:47,18.55,31.14,142,150,89
31:48,18.56,30.62,136,151,90
31:49,18.57,31.40,145,151,91
31:50,18.58,31.14,142,151,90
31:51,18.59,30.53,135,151,91
31:52,18.59,30.96,140,151,91
31:53,18.60,31.22,143,151,91
31:54,18.61,31.40,145,152,90
31:55,18.62,31.56,147,152,90
31:56,18.63,31.56,147,152,92
31:57,18.64,32.99,165,151,92
31:58,18.65,41.46,303,152,87
31:59,18.66,42.63,327,152,82
32:00,18.67,42.54,325,152,80
32:01,18.68,42.46,323,152,79
32:02,18.70,43.92,355,152,79
32:03,18.71,43.95,356,152,82
32:04,18.72,43.33,342,152,84
32:05,18.73,43.39,343,152,81
32:06,18.75,43.60,348,153,81
32:07,18.76,42.49,324,153,80
32:08,18.77,43.05,336,152,79
32:09,18.78,43.00,335,152,80
32:10,18.79,44.48,368,152,82
32:11,18.81,44.90,378,153,83
32:12,18.82,43.42,344,153,84
32:13,18.83,44.34,365,153,81
32:14,18.84,43.39,343,153,81
32:15,18.85,43.60,348,153,80
32:16,18.87,42.78,330,153,78
32:17,18.88,42.49,324,153,77
32:18,18.89,42.34,321,153,77
32:19,18.90,42.68,328,154,78
32:20,18.91,44.48,368,153,80
32:21,18.93,44.34,365,154,83
32:22,18.94,42.86,332,154,81
32:23,18.95,42.73,329,154,79
32:24,18.96,43.05,336,154,78
32:25,18.97,42.81,331,155,79
32:26,18.99,41.62,306,155,77
32:27,19.00,42.81,331,156,77
32:28,19.01,43.24,340,156,78
32:29,19.02,44.26,363,156,80
32:30,19.03,44.85,377,156,81
32:31,19.05,44.00,357,156,81
32:32,19.06,42.92,333,156,80
32:33,19.07,42.78,330,157,76
32:34,19.08,42.39,322,157,76
32:35,19.09,41.51,304,157,74
32:36,19.10,39.07,258,157,72
32:37,19.11,29.46,123,157,73
32:38,19.12,28.22,110,157,77
32:39,19.13,30.09,130,157,80
32:40,19.14,28.90,117,157,83
32:41,19.15,29.17,120,157,85
32:42,19.15,29.54,124,157,86
32:43,19.16,29.37,122,157,85
32:44,19.17,30.45,134,157,85
32:45,19.18,29.83,127,158,87
32:46,19.19,30.70,137,157,88
32:47,19.20,29.72,126,157,89
32:48,19.20,29.83,127,157,88
32:49,19.21,30.53,135,157,90
32:50,19.22,29.91,128,157,91
32:51,19.23,30.53,135,157,90
32:52,19.24,30.53,135,157,90
32:53,19.25,31.14,142,157,92
32:54,19.25,30.78,138,157,93
32:55,19.26,30.36,133,157,93
32:56,19.27,30.62,136,156,93
32:57,19.28,35.95,207,157,94
32:58,19.29,42.86,332,157,88
32:59,19.30,45.64,396,157,83
33:00,19.32,45.64,396,157,84
33:01,19.33,45.32,388,157,84
33:02,19.34,45.72,398,156,83
33:03,19.36,45.35,389,156,82
33:04,19.37,45.40,390,157,82
33:05,19.38,45.14,384,157,83
33:06,19.39,44.85,377,157,81
33:07,19.41,44.18,361,157,80
33:08,19.42,44.56,370,156,78
33:09,19.43,45.76,399,157,81
33:10,19.44,45.76,399,157,82
33:11,19.46,44.65,372,157,82
33:12,19.47,45.61,395,157,81
33:13,19.48,45.24,386,157,82
33:14,19.49,45.06,382,157,82
33:15,19.51,43.47,345,157,80
33:16,19.52,43.24,340,157,78
33:17,19.53,42.97,334,158,76
33:18,19.54,43.20,339,158,75
33:19,19.55,44.31,364,158,77
33:20,19.57,44.08,359,158,79
33:21,19.58,43.39,343,158,79
33:22,19.59,43.28,341,158,77
33:23,19.60,43.47,345,159,78
33:24,19.61,43.78,352,159,78
33:25,19.63,43.74,351,159,77
33:26,19.64,43.47,345,159,77
33:27,19.65,43.55,347,160,77
33:28,19.66,43.50,346,160,76
33:29,19.67,43.70,350,160,77
33:30,19.69,43.10,337,160,77
33:31,19.70,42.46,323,160,76
33:32,19.71,42.58,326,160,75
33:33,19.72,40.49,284,160,74
33:34,19.73,35.02,193,161,73
33:35,19.74,30.09,130,161,79
33:36,19.75,30.53,135,160,84
33:37,19.76,29.72,126,160,86
33:38,19.76,29.09,119,160,87
33:39,19.77,31.72,149,160,89
33:40,19.78,30.45,134,161,89
33:41,19.79,30.01,129,161,90
33:42,19.80,30.09,130,160,90
33:43,19.81,28.90,117,160,92
33:44,19.81,28.51,113,160,90
33:45,19.82,29.83,127,160,88
33:46,19.83,29.64,125,160,89
33:47,19.84,30.78,138,160,91
33:48,19.85,28.90,117,160,91
33:49,19.86,28.03,108,160,90
33:50,19.86,29.54,124,160,90
33:51,19.87,29.64,125,160,90
33:52,19.88,29.64,125,160,90
33:53,19.89,28.80,116,159,89
33:54,19.90,29.17,120,159,88
33:55,19.90,29.46,123,159,87
33:56,19.91,30.27,132,159,88
33:57,19.92,29.64,125,159,89
33:58,19.93,36.29,212,159,89
33:59,19.94,42.49,324,158,85
34:00,19.95,44.08,359,158,81
34:01,19.97,43.78,352,158,78
34:02,19.98,44.15,360,158,78
34:03,19.99,45.06,382,158,78
34:04,20.00,44.40,366,158,80
34:05,20.02,44.65,372,158,82
34:06,20.03,45.19,385,158,82
34:07,20.04,46.77,425,159,83
34:08,20.05,45.53,393,158,83
34:09,20.07,45.32,388,159,82
34:10,20.08,45.72,398,158,81
34:11,20.09,45.43,391,158,81
34:12,20.10,44.26,363,158,81
34:13,20.12,44.77,375,159,80
34:14,20.13,44.34,365,159,80
34:15,20.14,44.26,363,158,80
34:16,20.15,44.15,360,158,79
34:17,20.17,44.90,378,159,79
34:18,20.18,44.74,374,159,79
34:19,20.19,44.31,364,160,81
34:20,20.20,43.33,342,160,81
34:21,20.21,44.15,360,160,80
34:22,20.23,43.74,351,160,79
34:23,20.24,43.95,356,161,78
34:24,20.25,44.05,358,161,78
34:25,20.26,43.95,356,161,79
34:26,20.28,43.95,356,161,79
34:27,20.29,44.31,364,161,79
34:28,20.30,44.98,380,161,80
34:29,20.31,44.26,363,161,80
34:30,20.32,44.15,360,161,79
34:31,20.34,43.47,345,161,78
34:32,20.35,43.10,337,161,78
34:33,20.36,43.86,354,161,78
34:34,20.37,40.75,289,161,78
34:35,20.38,35.95,207,162,78
34:36,20.39,27.29,101,162,80
34:37,20.40,27.82,106,161,82
34:38,20.41,28.22,110,161,84
34:39,20.41,29.00,118,161,85
34:40,20.42,28.61,114,161,86
34:41,20.43,28.11,109,161,85
34:42,20.44,28.32,111,161,85
34:43,20.45,28.32,111,161,85
34:44,20.45,28.11,109,161,85
34:45,20.46,29.09,119,161,86
34:46,20.47,29.09,119,161,90
34:47,20.48,28.22,110,161,90
34:48,20.49,28.11,109,161,91
34:49,20.49,29.09,119,160,91
34:50,20.50,27.92,107,160,88
34:51,20.51,29.27,121,160,87
34:52,20.52,29.09,119,160,88
34:53,20.53,29.64,125,160,89
34:54,20.53,30.45,134,160,90
34:55,20.54,29.91,128,159,91
34:56,20.55,29.64,125,159,92
34:57,20.56,28.80,116,159,91
34:58,20.57,28.71,115,159,90
34:59,20.58,39.24,261,159,92
35:00,20.59,44.00,357,159,89
35:01,20.60,44.56,370,159,86
35:02,20.61,43.95,356,159,86
35:03,20.63,44.95,379,159,86
35:04,20.64,44.40,366,159,84
35:05,20.65,43.39,343,159,82
35:06,20.66,42.54,325,159,80
35:07,20.67,45.03,381,159,80
35:08,20.69,44.60,371,159,82
35:09,20.70,45.92,403,159,85
35:10,20.71,45.72,398,159,87
35:11,20.72,45.53,393,159,86
35:12,20.74,45.35,389,159,86
35:13,20.75,45.14,384,159,86
35:14,20.76,44.77,375,160,86
35:15,20.77,44.26,363,159,84
35:16,20.79,44.26,363,159,84
35:17,20.80,44.69,373,160,84
35:18,20.81,44.65,372,160,84
35:19,20.82,44.82,376,160,84
35:20,20.84,44.18,361,160,84
35:21,20.85,43.24,340,161,82
35:22,20.86,42.46,323,161,78
35:23,20.87,42.63,327,161,78
35:24,20.88,42.49,324,161,77
35:25,20.90,41.76,309,161,77
35:26,20.91,43.10,337,162,77
35:27,20.92,43.95,356,162,79
35:28,20.93,43.50,346,162,81
35:29,20.94,42.02,314,162,81
35:30,20.95,40.27,280,162,75
35:31,20.97,36.66,218,163,69
35:32,20.97,32.12,154,163,69
35:33,20.98,26.10,90,163,76
35:34,20.99,26.66,95,163,79
35:35,21.00,26.32,92,162,82
35:36,21.00,26.44,93,162,83
35:37,21.01,26.77,96,162,84
35:38,21.02,27.29,101,162,84
35:39,21.03,27.82,106,162,87
35:40,21.03,27.71,105,162,88
35:41,21.04,26.87,97,162,89
35:42,21.05,26.66,95,161,89
35:43,21.06,27.19,100,161,89
35:44,21.06,27.71,105,162,90
35:45,21.07,27.61,104,161,91
35:46,21.08,27.08,99,161,91
35:47,21.09,27.40,102,161,91
35:48,21.09,29.64,125,161,90
35:49,21.10,31.04,141,161,93
35:50,21.11,26.44,93,161,95
35:51,21.12,26.87,97,161,96
35:52,21.13,26.87,97,160,93
35:53,21.13,27.71,105,160,91
35:54,21.14,30.70,137,160,92
35:55,21.15,27.08,99,160,95
35:56,21.16,27.08,99,160,95
35:57,21.17,28.42,112,160,93
35:58,21.17,28.11,109,160,93
35:59,21.18,28.61,114,159,93
36:00,21.19,28.71,115,159,92
36:01,21.20,28.80,116,159,93
36:02,21.21,28.42,112,159,93
36:03,21.21,28.42,112,159,93
36:04,21.22,28.32,111,159,94
36:05,21.23,27.82,106,159,94
36:06,21.24,27.29,101,158,94
36:07,21.24,28.03,108,158,95
36:08,21.25,27.51,103,158,95
36:09,21.26,27.29,101,158,94
36:10,21.27,27.61,104,157,95
36:11,21.27,27.19,100,157,94
36:12,21.28,29.46,123,157,94
36:13,21.29,29.09,119,157,97
36:14,21.30,27.82,106,157,99
36:15,21.31,28.03,108,156,97
36:16,21.31,28.61,114,156,95
36:17,21.32,29.17,120,155,96
36:18,21.33,26.66,95,155,99
36:19,21.34,28.03,108,155,99
36:20,21.34,26.66,95,155,97
36:21,21.35,27.82,106,154,97
36:22,21.36,29.00,118,154,98
36:23,21.37,27.19,100,154,96
36:24,21.38,28.71,115,153,96
36:25,21.38,28.61,114,153,97
36:26,21.39,28.11,109,153,98
36:27,21.40,28.11,109,153,97
36:28,21.41,28.32,111,152,96
36:29,21.42,28.03,108,152,96
36:30,21.42,28.51,113,152,96
36:31,21.43,28.22,110,151,96
36:32,21.44,28.80,116,151,96
36:33,21.45,28.80,116,150,97
36:34,21.45,29.00,118,150,96
36:35,21.46,28.51,113,150,97
36:36,21.47,28.42,112,149,96
36:37,21.48,28.80,116,148,97
36:38,21.49,29.17,120,148,98
36:39,21.49,29.17,120,148,98
36:40,21.50,28.42,112,147,98
36:41,21.51,27.92,107,147,98
36:42,21.52,28.22,110,146,98
36:43,21.53,29.46,123,146,98
36:44,21.53,28.90,117,146,98
36:45,21.54,29.46,123,146,98
36:46,21.55,29.72,126,146,98
36:47,21.56,29.37,122,146,99
36:48,21.57,28.90,117,145,100
36:49,21.58,28.71,115,145,100
36:50,21.58,28.11,109,146,100
36:51,21.59,28.90,117,145,99
36:52,21.60,28.90,117,145,99
36:53,21.61,28.61,114,145,99
36:54,21.62,29.00,118,145,99
36:55,21.62,28.61,114,144,99
36:56,21.63,28.90,117,144,99
36:57,21.64,29.37,122,144,101
36:58,21.65,28.42,112,143,102
36:59,21.66,27.51,103,143,101
37:00,21.66,30.19,131,143,100
37:01,21.67,29.27,121,143,101
37:02,21.68,27.19,100,143,101
37:03,21.69,30.96,140,142,99
37:04,21.70,31.88,151,142,100
37:05,21.70,29.17,120,142,102
37:06,21.71,30.45,134,142,105
37:07,21.72,30.01,129,142,103
37:08,21.73,30.53,135,142,104
37:09,21.74,29.46,123,141,103
37:10,21.75,29.54,124,141,101
37:11,21.75,29.91,128,140,102
37:12,21.76,30.36,133,140,102
37:13,21.77,30.27,132,140,103
37:14,21.78,29.27,121,139,100
37:15,21.79,30.78,138,139,102
37:16,21.80,30.53,135,139,103
37:17,21.80,30.45,134,139,102
37:18,21.81,31.40,145,138,104
37:19,21.82,29.27,121,138,103
37:20,21.83,29.91,128,138,105
37:21,21.84,30.27,132,138,103
37:22,21.85,30.45,134,138,102
37:23,21.86,30.45,134,138,105
37:24,21.86,30.09,130,138,104
37:25,21.87,28.80,116,138,101
37:26,21.88,29.72,126,138,101
37:27,21.89,29.46,123,138,100
37:28,21.90,30.70,137,137,101
37:29,21.91,29.91,128,138,100
37:30,21.91,29.83,127,138,101
37:31,21.92,30.45,134,137,102
37:32,21.93,30.27,132,138,103
37:33,21.94,30.36,133,138,102
37:34,21.95,29.27,121,138,101
37:35,21.96,29.72,126,138,101
37:36,21.96,29.64,125,137,100
37:37,21.97,29.64,125,138,100
37:38,21.98,30.36,133,138,100
37:39,21.99,30.09,130,137,99
37:40,22.00,29.91,128,137,100
37:41,22.01,31.72,149,137,101
37:42,22.01,31.72,149,137,102
37:43,22.02,30.53,135,137,104
37:44,22.03,30.88,139,137,104
37:45,22.04,30.78,138,137,103
37:46,22.05,31.80,150,137,104
37:47,22.06,30.96,140,136,103
37:48,22.07,33.95,178,136,106
37:49,22.07,26.66,95,136,105
37:50,22.08,28.22,110,136,101
37:51,22.09,27.40,102,136,100
37:52,22.10,25.87,88,136,97
37:53,22.10,26.66,95,136,96
37:54,22.11,25.63,86,136,94
37:55,22.12,26.66,95,136,93
37:56,22.13,27.40,102,136,91
37:57,22.13,27.51,103,136,90
37:58,22.14,27.82,106,136,90
37:59,22.15,27.82,106,136,90
38:00,22.16,33.79,176,136,93
38:01,22.17,33.65,174,136,96
38:02,22.18,25.41,84,136,98
38:03,22.18,28.90,117,135,95
38:04,22.19,30.70,137,135,95
38:05,22.20,29.54,124,135,97
38:06,22.21,30.01,129,135,97
38:07,22.22,26.98,98,134,96
38:08,22.22,25.99,89,134,96
38:09,22.23,27.51,103,134,94
38:10,22.24,26.87,97,134,93
38:11,22.24,26.44,93,135,92
38:12,22.25,28.22,110,134,91
38:13,22.26,28.42,112,134,92
38:14,22.27,27.29,101,134,92
38:15,22.28,27.51,103,134,92
38:16,22.28,27.82,106,134,92
38:17,22.29,28.42,112,134,93
38:18,22.30,29.00,118,133,94
38:19,22.31,28.03,108,133,95
38:20,22.32,31.30,144,133,95
38:21,22.32,26.87,97,133,96
38:22,22.33,29.09,119,132,99
38:23,22.34,27.92,107,132,96
38:24,22.35,28.22,110,132,96
38:25,22.36,31.22,143,131,97
38:26,22.36,26.66,95,131,99
38:27,22.37,27.82,106,132,97
38:28,22.38,28.51,113,132,97
38:29,22.39,29.46,123,132,96
38:30,22.39,28.22,110,132,96
38:31,22.40,27.92,107,132,96
38:32,22.41,27.82,106,131,95
38:33,22.42,27.51,103,132,94
38:34,22.43,28.32,111,132,95
38:35,22.43,28.03,108,132,95
38:36,22.44,28.61,114,132,95
38:37,22.45,26.87,97,131,95
38:38,22.46,26.77,96,132,95
38:39,22.47,36.29,212,131,97
38:40,22.48,40.22,279,132,93
38:41,22.49,41.36,301,132,86
38:42,22.50,42.81,331,132,86
38:43,22.51,44.31,364,132,91
38:44,22.52,43.70,350,133,91
38:45,22.54,43.24,340,133,89
38:46,22.55,41.97,313,134,88
38:47,22.56,42.26,319,134,85
38:48,22.57,41.67,307,134,82
38:49,22.58,42.26,319,135,82
38:50,22.59,41.46,303,135,83
38:51,22.61,43.42,344,135,84
38:52,22.62,43.78,352,136,86
38:53,22.63,41.57,305,137,85
38:54,22.64,41.33,300,137,83
38:55,22.65,41.86,311,137,82
38:56,22.67,42.78,330,138,83
38:57,22.68,42.54,325,138,84
38:58,22.69,42.49,324,138,84
38:59,22.70,43.50,346,138,84
39:00,22.71,43.55,347,140,84
39:01,22.73,43.47,345,140,84
39:02,22.74,42.81,331,141,83
39:03,22.75,42.54,325,141,82
39:04,22.76,42.26,319,142,80
39:05,22.77,42.46,323,142,80
39:06,22.78,41.62,306,143,80
39:07,22.80,42.10,316,143,80
39:08,22.81,41.86,311,144,79
39:09,22.82,41.33,300,144,80
39:10,22.83,41.17,297,145,80
39:11,22.84,42.05,315,146,78
39:12,22.85,43.47,345,146,80
39:13,22.87,44.40,366,147,83
39:14,22.88,43.50,346,147,85
39:15,22.89,44.08,359,148,85
39:16,22.90,31.72,149,148,92
39:17,22.91,29.91,128,149,94
39:18,22.92,29.54,124,149,93
39:19,22.93,30.01,129,149,91
39:20,22.93,29.83,127,149,90
39:21,22.94,29.64,125,150,89
39:22,22.95,30.19,131,150,88
39:23,22.96,30.09,130,150,89
39:24,22.97,30.19,131,150,89
39:25,22.98,29.72,126,150,89
39:26,22.98,30.09,130,150,88
39:27,22.99,30.27,132,150,89
39:28,23.00,29.91,128,151,89
39:29,23.01,30.27,132,151,88
39:30,23.02,30.27,132,151,88
39:31,23.03,30.27,132,151,88
39:32,23.03,30.78,138,151,89
39:33,23.04,30.19,131,151,89
39:34,23.05,29.91,128,151,89
39:35,23.06,30.62,136,151,90
39:36,23.07,30.62,136,151,90
39:37,23.08,30.88,139,151,91
39:38,23.09,30.70,137,152,91
39:39,23.10,36.16,210,152,93
39:40,23.11,41.76,309,152,88
39:41,23.12,44.26,363,152,83
39:42,23.13,42.10,316,152,83
39:43,23.14,42.81,331,152,80
39:44,23.15,43.15,338,152,80
39:45,23.17,43.42,344,152,80
39:46,23.18,42.92,333,152,79
39:47,23.19,42.54,325,152,79
39:48,23.20,43.00,335,152,80
39:49,23.21,42.97,334,152,78
39:50,23.23,42.97,334,152,77
39:51,23.24,42.49,324,152,78
39:52,23.25,41.36,301,153,76
39:53,23.26,41.97,313,153,75
39:54,23.27,41.76,309,153,76
39:55,23.28,41.41,302,153,75
39:56,23.30,42.78,330,153,75
39:57,23.31,42.58,326,153,77
39:58,23.32,42.39,322,153,78
39:59,23.33,43.28,341,153,78
40:00,23.34,42.39,322,153,77
40:01,23.35,42.78,330,154,76
40:02,23.37,42.02,314,154,75
40:03,23.38,41.62,306,154,75
40:04,23.39,41.72,308,154,74
40:05,23.40,41.51,304,154,73
40:06,23.41,42.49,324,155,74
40:07,23.42,43.60,348,155,76
40:08,23.44,42.05,315,155,76
40:09,23.45,41.91,312,155,75
40:10,23.46,42.46,323,155,74
40:11,23.47,42.26,319,155,74
40:12,23.48,41.57,305,155,75
40:13,23.49,42.05,315,156,74
40:14,23.51,39.96,274,156,73
40:15,23.52,35.63,202,156,74
40:16,23.52,29.54,124,157,81
40:17,23.53,29.83,127,157,85
40:18,23.54,29.64,125,156,90
40:19,23.55,29.09,119,156,91
40:20,23.56,28.71,115,156,92
40:21,23.57,28.61,114,156,91
40:22,23.57,29.37,122,157,92
40:23,23.58,29.37,122,157,92
40:24,23.59,29.09,119,156,91
40:25,23.60,31.56,147,156,92
40:26,23.61,31.40,145,156,96
40:27,23.62,30.96,140,156,97
40:28,23.62,29.83,127,157,97
40:29,23.63,29.37,122,156,98
40:30,23.64,29.46,123,157,96
40:31,23.65,28.80,116,157,97
40:32,23.66,29.00,118,157,97
40:33,23.66,29.00,118,157,96
40:34,23.67,30.19,131,157,97
40:35,23.68,29.17,120,157,98
40:36,23.69,28.80,116,157,96
40:37,23.70,28.61,114,156,95
40:38,23.70,30.62,136,156,94
40:39,23.71,36.03,208,157,95
40:40,23.73,40.96,293,156,89
40:41,23.74,40.49,284,156,79
40:42,23.75,40.70,288,156,76
40:43,23.76,41.12,296,156,76
40:44,23.77,40.59,286,156,76
40:45,23.78,41.76,309,156,75
40:46,23.79,41.36,301,156,76
40:47,23.81,41.22,298,156,76
40:48,23.82,41.76,309,156,76
40:49,23.83,43.74,351,156,79
40:50,23.84,43.42,344,156,80
40:51,23.85,43.28,341,156,81
40:52,23.87,43.24,340,156,81
40:53,23.88,43.47,345,156,81
40:54,23.89,43.39,343,156,80
40:55,23.90,42.78,330,157,80
40:56,23.91,42.15,317,157,80
40:57,23.93,43.00,335,157,80
40:58,23.94,43.24,340,157,80
40:59,23.95,42.86,332,157,79
41:00,23.96,42.46,323,157,79
41:01,23.97,43.05,336,157,80
41:02,23.98,43.10,337,158,81
41:03,24.00,43.55,347,158,82
41:04,24.01,42.05,315,158,79
41:05,24.02,41.51,304,159,77
41:06,24.03,41.26,299,158,75
41:07,24.04,41.91,312,159,75
41:08,24.06,42.26,319,159,76
41:09,24.07,43.00,335,159,77
41:10,24.08,42.58,326,160,76
41:11,24.09,43.33,342,159,76
41:12,24.10,43.10,337,159,77
41:13,24.11,42.54,325,160,76
41:14,24.13,42.10,316,160,74
41:15,24.14,41.97,313,160,73
41:16,24.15,38.50,248,160,72
41:17,24.16,29.72,126,160,76
41:18,24.17,28.80,116,160,80
41:19,24.17,28.11,109,160,82
41:20,24.18,28.22,110,160,80
41:21,24.19,28.71,115,160,80
41:22,24.20,28.51,113,159,80
41:23,24.20,29.27,121,159,81
41:24,24.21,29.72,126,159,81
41:25,24.22,29.72,126,160,82
41:26,24.23,29.64,125,159,83
41:27,24.24,29.91,128,159,83
41:28,24.25,30.19,131,159,85
41:29,24.25,29.54,124,160,85
41:30,24.26,29.54,124,159,85
41:31,24.27,29.46,123,159,84
41:32,24.28,29.72,126,159,84
41:33,24.29,29.91,128,159,84
41:34,24.30,29.54,124,158,85
41:35,24.30,28.90,117,158,84
41:36,24.31,30.27,132,158,85
41:37,24.32,30.78,138,158,86
41:38,24.33,34.87,191,158,87
41:39,24.34,45.03,381,158,80
41:40,24.35,44.65,372,158,80
41:41,24.37,44.40,366,159,79
41:42,24.38,43.95,356,158,77
41:43,24.39,43.78,352,158,76
41:44,24.40,44.00,357,158,77
41:45,24.42,43.92,355,159,77
41:46,24.43,43.55,347,158,76
41:47,24.44,43.82,353,158,76
41:48,24.45,44.65,372,158,77
41:49,24.46,45.24,386,159,80
41:50,24.48,45.40,390,158,81
41:51,24.49,43.92,355,158,80
41:52,24.50,43.82,353,158,79
41:53,24.51,44.65,372,158,78
41:54,24.53,44.48,368,159,79
41:55,24.54,44.82,376,159,79
41:56,24.55,44.26,363,158,79
41:57,24.56,44.31,364,158,78
41:58,24.58,43.92,355,158,78
41:59,24.59,44.08,359,159,78
42:00,24.60,44.65,372,159,78
42:01,24.61,45.40,390,159,79
42:02,24.63,45.24,386,159,81
42:03,24.64,45.11,383,160,81
42:04,24.65,45.06,382,160,80
42:05,24.66,45.19,385,160,81
42:06,24.68,45.56,394,160,81
42:07,24.69,45.56,394,161,82
42:08,24.70,45.61,395,160,82
42:09,24.71,44.44,367,161,81
42:10,24.73,45.19,385,161,80
42:11,24.74,45.32,388,161,80
42:12,24.75,44.98,380,161,81
42:13,24.76,44.77,375,161,81
42:14,24.78,44.60,371,162,80
42:15,24.79,41.76,309,162,79
42:16,24.80,34.24,182,162,76
42:17,24.81,28.90,117,162,75
42:18,24.81,27.51,103,161,84
42:19,24.82,27.19,100,161,85
42:20,24.83,27.29,101,161,84
42:21,24.84,30.27,132,161,86
42:22,24.85,29.46,123,161,89
42:23,24.85,28.22,110,161,89
42:24,24.86,27.19,100,161,89
42:25,24.87,26.10,90,161,89
42:26,24.88,27.40,102,161,87
42:27,24.88,27.82,106,162,87
42:28,24.89,28.61,114,161,87
42:29,24.90,28.42,112,161,89
42:30,24.91,28.11,109,161,89
42:31,24.92,28.80,116,161,89
42:32,24.92,29.27,121,161,89
42:33,24.93,28.71,115,161,90
42:34,24.94,29.64,125,161,90
42:35,24.95,28.80,116,161,91
42:36,24.96,29.09,119,161,91
42:37,24.96,29.64,125,161,92
42:38,24.97,31.88,151,161,93
42:39,24.98,41.41,302,160,87
42:40,24.99,40.64,287,161,82
42:41,25.01,40.06,276,160,80
42:42,25.02,39.91,273,161,77
42:43,25.03,40.27,280,161,76
42:44,25.04,40.43,283,161,75
42:45,25.05,41.36,301,161,76
42:46,25.06,42.39,322,160,79
42:47,25.07,41.91,312,160,78
42:48,25.09,42.05,315,160,76
42:49,25.10,41.57,305,161,75
42:50,25.11,41.67,307,160,74
42:51,25.12,44.00,357,161,74
42:52,25.13,43.00,335,161,72
42:53,25.15,42.63,327,161,70
42:54,25.16,42.46,323,161,69
42:55,25.17,42.26,319,161,69
42:56,25.18,42.92,333,160,69
42:57,25.19,43.33,342,161,70
42:58,25.20,43.24,340,160,70
42:59,25.22,42.97,334,161,70
43:00,25.23,43.50,346,161,71
43:01,25.24,44.44,367,161,72
43:02,25.25,44.48,368,160,74
43:03,25.27,44.48,368,160,74
43:04,25.28,44.52,369,160,73
43:05,25.29,43.86,354,161,73
43:06,25.30,43.65,349,161,74
43:07,25.31,44.26,363,161,74
43:08,25.33,43.39,343,161,73
43:09,25.34,43.74,351,161,71
43:10,25.35,44.23,362,162,72
43:11,25.36,43.86,354,162,74
43:12,25.38,44.74,374,161,76
43:13,25.39,44.90,378,162,76
43:14,25.40,45.43,391,162,76
43:15,25.41,45.40,390,162,77
43:16,25.43,44.52,369,162,77
43:17,25.44,43.70,350,162,75
43:18,25.45,37.79,236,162,70
43:19,25.46,28.32,111,162,62
43:20,25.47,24.04,73,162,61
43:21,25.47,24.42,76,162,67
43:22,25.48,23.91,72,162,79
43:23,25.49,22.65,63,162,82
43:24,25.49,23.63,70,162,85
43:25,25.50,23.78,71,162,84
43:26,25.51,24.17,74,161,84
43:27,25.51,23.63,70,161,85
43:28,25.52,23.91,72,161,85
43:29,25.53,24.04,73,161,86
43:30,25.53,24.67,78,160,86
43:31,25.54,25.05,81,160,87
43:32,25.55,24.04,73,160,88
43:33,25.55,23.78,71,160,89
43:34,25.56,28.32,111,160,90
43:35,25.57,23.49,69,160,92
43:36,25.57,22.51,62,160,90
43:37,25.58,24.42,76,160,89
43:38,25.59,25.63,86,159,90
43:39,25.59,24.79,79,159,90
43:40,25.60,26.32,92,159,91
43:41,25.61,25.87,88,159,92
43:42,25.61,25.41,84,159,93
43:43,25.62,24.92,80,159,93
43:44,25.63,25.87,88,158,95
43:45,25.64,26.55,94,158,96
43:46,25.64,26.98,98,158,97
43:47,25.65,25.99,89,158,98
43:48,25.66,26.32,92,158,99
43:49,25.67,25.87,88,157,100
43:50,25.67,25.41,84,157,99
43:51,25.68,25.16,82,157,99
43:52,25.69,26.32,92,156,99
43:53,25.69,26.10,90,156,99
43:54,25.70,33.07,166,156,103
43:55,25.71,23.23,67,156,104
43:56,25.72,25.41,84,155,105
43:57,25.72,25.16,82,155,103
43:58,25.73,25.05,81,155,101
43:59,25.74,25.29,83,155,101
44:00,25.74,25.63,86,154,100
44:01,25.75,24.92,80,154,100
44:02,25.76,25.29,83,154,100
44:03,25.77,25.29,83,153,100
44:04,25.77,26.21,91,154,100
44:05,25.78,25.63,86,153,101
44:06,25.79,26.32,92,153,101
44:07,25.79,26.98,98,152,102
44:08,25.80,27.40,102,152,103
44:09,25.81,26.10,90,152,106
44:10,25.82,24.42,76,151,105
44:11,25.82,23.63,70,151,101
44:12,25.83,25.41,84,151,102
44:13,25.84,27.08,99,150,103
44:14,25.84,25.87,88,150,103
44:15,25.85,26.44,93,150,102
44:16,25.86,25.05,81,149,101
44:17,25.87,25.16,82,149,99
44:18,25.87,25.16,82,148,99
44:19,25.88,25.41,84,148,99
44:20,25.89,25.76,87,148,99
44:21,25.89,26.32,92,148,99
44:22,25.90,26.77,96,147,100
44:23,25.91,27.61,104,147,100
44:24,25.92,26.55,94,146,101
44:25,25.92,32.04,153,145,99
44:26,25.93,30.27,132,145,101
44:27,25.94,24.42,76,144,105
44:28,25.95,25.05,81,144,101
44:29,25.95,26.44,93,143,100
44:30,25.96,24.17,74,143,102
44:31,25.97,23.91,72,143,99
44:32,25.97,24.42,76,143,98
44:33,25.98,24.67,78,142,98
44:34,25.99,24.29,75,142,97
44:35,25.99,24.92,80,141,97
44:36,26.00,25.87,88,141,97
44:37,26.01,25.87,88,141,97
44:38,26.02,25.29,83,141,97
44:39,26.02,25.29,83,140,98
44:40,26.03,26.66,95,140,99
44:41,26.04,26.44,93,140,100
44:42,26.05,25.63,86,140,101
44:43,26.05,25.63,86,139,101
44:44,26.06,24.79,79,139,102
44:45,26.07,25.87,88,139,103
44:46,26.07,26.10,90,138,105
44:47,26.08,24.17,74,138,102
44:48,26.09,24.17,74,137,103
44:49,26.09,23.78,71,137,99
44:50,26.10,26.21,91,137,101
44:51,26.11,26.44,93,136,100
44:52,26.12,25.87,88,136,100
44:53,26.12,24.92,80,136,100
44:54,26.13,24.92,80,136,99
44:55,26.14,24.79,79,135,99
44:56,26.14,25.52,85,135,99
44:57,26.15,24.79,79,134,98
44:58,26.16,25.41,84,134,99
44:59,26.16,26.98,98,133,100
45:00,26.17,26.87,97,133,101
45:01,26.18,26.32,92,133,101
45:02,26.19,27.51,103,133,102
45:03,26.20,28.71,115,132,105
45:04,26.20,26.98,98,132,105
45:05,26.21,27.40,102,131,106
45:06,26.22,25.16,82,131,105
45:07,26.22,25.76,87,130,106
45:08,26.23,23.23,67,130,101
45:09,26.24,24.67,78,130,101
45:10,26.24,25.05,81,129,97
45:11,26.25,24.92,80,129,97
45:12,26.26,25.76,87,129,96
45:13,26.27,25.63,86,129,95
45:14,26.27,25.99,89,129,95
45:15,26.28,24.67,78,129,94
45:16,26.29,25.29,83,129,95
45:17,26.29,24.67,78,129,94
45:18,26.30,23.91,72,129,94
45:19,26.31,25.05,81,129,92
45:20,26.31,25.05,81,129,92
45:21,26.32,25.63,86,129,93
45:22,26.33,27.61,104,129,93
45:23,26.34,28.03,108,128,94
45:24,26.34,25.76,87,128,99
45:25,26.35,28.61,114,129,102
45:26,26.36,29.91,128,129,104
45:27,26.37,27.82,106,129,108
45:28,26.38,26.32,92,130,108
45:29,26.38,26.32,92,130,108
45:30,26.39,27.29,101,130,108
45:31,26.40,27.92,107,130,105
45:32,26.41,30.62,136,130,102
45:33,26.42,32.99,165,130,100
45:34,26.42,31.30,144,131,98
45:35,26.43,31.88,151,131,98
45:36,26.44,31.40,145,130,96
45:37,26.45,33.13,167,130,96
45:38,26.46,31.40,145,129,97
45:39,26.47,32.59,160,128,97
45:40,26.48,32.59,160,128,97
45:41,26.49,31.56,147,128,97
45:42,26.50,31.14,142,128,97
45:43,26.50,32.44,158,128,96
45:44,26.51,31.80,150,128,95
45:45,26.52,32.89,164,127,96
45:46,26.53,33.44,171,128,97
45:47,26.54,33.52,172,127,98
45:48,26.55,32.75,162,128,98
45:49,26.56,34.60,187,128,99
45:50,26.57,33.73,175,128,99
45:51,26.58,33.13,167,128,99
45:52,26.59,33.07,166,128,100
45:53,26.60,31.04,141,128,98
45:54,26.61,32.59,160,128,97
45:55,26.61,32.36,157,128,96
45:56,26.62,32.51,159,129,96
45:57,26.63,32.99,165,129,96
45:58,26.64,32.81,163,129,97
45:59,26.65,33.36,170,129,97
46:00,26.66,33.21,168,129,97
46:01,26.67,32.12,154,130,98
46:02,26.68,32.28,156,131,98
46:03,26.69,32.36,157,131,97
46:04,26.70,32.12,154,131,96
46:05,26.70,34.60,187,131,97
46:06,26.71,33.52,172,131,99
46:07,26.72,34.10,180,132,99
46:08,26.73,30.70,137,132,99
46:09,26.74,32.12,154,132,96
46:10,26.75,32.67,161,133,98
46:11,26.76,33.07,166,133,96
46:12,26.77,33.07,166,133,97
46:13,26.78,32.59,160,133,98
46:14,26.79,32.36,157,133,98
46:15,26.80,30.78,138,133,100
46:16,26.80,28.32,111,134,104
46:17,26.81,31.48,146,133,103
46:18,26.82,31.14,142,134,103
46:19,26.83,30.70,137,134,103
46:20,26.84,32.12,154,134,102
46:21,26.85,32.28,156,134,102
46:22,26.86,31.40,145,134,103
46:23,26.86,30.70,137,134,101
46:24,26.87,31.22,143,134,101
46:25,26.88,31.72,149,134,102
46:26,26.89,31.64,148,134,101
46:27,26.90,31.72,149,134,102
46:28,26.91,30.96,140,135,103
46:29,26.92,30.53,135,135,101
46:30,26.93,31.40,145,135,103
46:31,26.93,30.96,140,135,101
46:32,26.94,30.96,140,135,101
46:33,26.95,29.83,127,135,100
46:34,26.96,31.72,149,135,100
46:35,26.97,31.56,147,135,100
46:36,26.98,31.88,151,135,103
46:37,26.99,29.54,124,135,101
46:38,26.99,29.91,128,134,100
46:39,27.00,30.53,135,134,100
46:40,27.01,30.27,132,134,99
46:41,27.02,29.91,128,134,98
46:42,27.03,30.36,133,134,97
46:43,27.04,30.45,134,134,97
46:44,27.04,30.19,131,135,97
46:45,27.05,30.62,136,135,96
46:46,27.06,30.62,136,135,96
46:47,27.07,30.62,136,135,96
46:48,27.08,30.62,136,135,96
46:49,27.09,30.27,132,135,97
46:50,27.09,30.70,137,135,97
46:51,27.10,31.88,151,134,98
46:52,27.11,31.40,145,134,99
46:53,27.12,31.48,146,135,98
46:54,27.13,31.22,143,134,101
46:55,27.14,30.88,139,134,98
46:56,27.15,31.48,146,134,98
46:57,27.16,33.65,174,134,100
46:58,27.17,31.22,143,134,101
46:59,27.17,30.36,133,134,100
47:00,27.18,31.40,145,134,101
47:01,27.19,33.52,172,134,99
47:02,27.20,30.53,135,134,100
47:03,27.21,30.78,138,134,102
47:04,27.22,32.12,154,134,103
47:05,27.23,30.45,134,134,101
47:06,27.24,30.96,140,134,101
47:07,27.24,31.88,151,134,101
47:08,27.25,32.44,158,134,102
47:09,27.26,30.53,135,135,101
47:10,27.27,31.88,151,135,103
47:11,27.28,31.96,152,135,102
47:12,27.29,31.88,151,135,103
47:13,27.30,31.14,142,135,102
47:14,27.31,31.64,148,135,103
47:15,27.31,31.72,149,135,104
47:16,27.32,31.56,147,135,102
47:17,27.33,31.64,148,135,103
47:18,27.34,31.80,150,135,104
47:19,27.35,32.89,164,135,106
47:20,27.36,31.40,145,135,104
47:21,27.37,31.30,144,135,104
47:22,27.38,32.28,156,135,105
47:23,27.39,32.28,156,135,103
47:24,27.39,32.75,162,135,105
47:25,27.40,32.12,154,135,105
47:26,27.41,30.88,139,135,104
47:27,27.42,31.56,147,135,104
47:28,27.43,31.64,148,135,103
47:29,27.44,32.20,155,136,104
47:30,27.45,32.51,159,135,105
47:31,27.46,33.07,166,135,105
47:32,27.47,31.30,144,135,106
47:33,27.47,30.53,135,136,105
47:34,27.48,31.48,146,136,106
47:35,27.49,32.12,154,135,105
47:36,27.50,31.40,145,136,105
47:37,27.51,31.64,148,136,103
47:38,27.52,31.72,149,136,104
47:39,27.53,31.88,151,136,105
47:40,27.54,32.04,153,136,105
47:41,27.54,31.72,149,136,104
47:42,27.55,31.96,152,136,103
47:43,27.56,31.80,150,136,104
47:44,27.57,31.96,152,136,104
47:45,27.58,31.88,151,136,103
47:46,27.59,32.59,160,136,104
47:47,27.60,31.56,147,136,104
47:48,27.61,31.88,151,136,103
47:49,27.62,32.44,158,136,104
47:50,27.62,31.14,142,136,102
47:51,27.63,31.80,150,135,102
47:52,27.64,31.88,151,136,103
47:53,27.65,32.36,157,136,103
47:54,27.66,31.22,143,136,101
47:55,27.67,32.28,156,136,103
47:56,27.68,31.80,150,136,103
47:57,27.69,32.20,155,136,104
47:58,27.70,32.75,162,136,101
47:59,27.70,33.65,174,137,102
48:00,27.71,31.40,145,137,103
48:01,27.72,31.96,152,137,106
48:02,27.73,32.28,156,137,104
48:03,27.74,32.36,157,137,103
48:04,27.75,31.40,145,137,105
48:05,27.76,32.36,157,137,104
48:06,27.77,32.28,156,137,105
48:07,27.78,32.51,159,137,105
48:08,27.78,31.88,151,138,105
48:09,27.79,33.07,166,138,106
48:10,27.80,30.96,140,138,105
48:11,27.81,32.20,155,138,105
48:12,27.82,32.04,153,138,105
48:13,27.83,32.51,159,138,104
48:14,27.84,32.51,159,138,104
48:15,27.85,32.12,154,139,105
48:16,27.86,31.88,151,139,105
48:17,27.86,32.12,154,138,105
48:18,27.87,31.64,148,139,105
48:19,27.88,32.04,153,138,104
48:20,27.89,31.96,152,138,104
48:21,27.90,32.67,161,139,106
48:22,27.91,32.20,155,139,106
48:23,27.92,31.88,151,139,105
48:24,27.93,32.59,160,139,105
48:25,27.94,33.73,175,139,106
48:26,27.95,32.99,165,138,107
48:27,27.96,32.28,156,139,107
48:28,27.96,32.59,160,139,107
48:29,27.97,31.56,147,139,104
48:30,27.98,31.80,150,139,104
48:31,27.99,32.28,156,139,104
48:32,28.00,31.72,149,139,104
48:33,28.01,32.51,159,139,106
48:34,28.02,34.10,180,139,106
48:35,28.03,32.59,160,139,109
48:36,28.04,32.28,156,139,110
48:37,28.04,31.88,151,139,107
48:38,28.05,32.20,155,139,106
48:39,28.06,31.96,152,139,105
48:40,28.07,32.89,164,139,104
48:41,28.08,32.75,162,139,105
48:42,28.09,32.99,165,139,107
48:43,28.10,31.56,147,139,106
48:44,28.11,32.51,159,139,106
48:45,28.12,32.89,164,139,106
48:46,28.13,32.75,162,139,107
48:47,28.13,32.04,153,139,106
48:48,28.14,32.20,155,139,106
48:49,28.15,35.08,194,139,107
48:50,28.16,32.81,163,139,109
48:51,28.17,31.14,142,139,109
48:52,28.18,32.04,153,139,107
48:53,28.19,32.75,162,139,106
48:54,28.20,32.04,153,139,107
48:55,28.21,32.04,153,139,106
48:56,28.22,32.36,157,139,107
48:57,28.22,32.04,153,139,106
48:58,28.23,32.59,160,139,107
48:59,28.24,31.88,151,139,107
49:00,28.25,32.36,157,139,107
49:01,28.26,30.96,140,139,105
49:02,28.27,32.36,157,139,107
49:03,28.28,32.99,165,139,107
49:04,28.29,32.44,158,139,106
49:05,28.30,33.07,166,139,107
49:06,28.31,33.44,171,139,107
49:07,28.31,32.36,157,139,107
49:08,28.32,33.36,170,139,108
49:09,28.33,32.28,156,139,109
49:10,28.34,33.36,170,139,108
49:11,28.35,33.52,172,140,108
49:12,28.36,33.21,168,139,109
49:13,28.37,33.07,166,140,107
49:14,28.38,32.89,164,139,108
49:15,28.39,32.75,162,140,108
49:16,28.40,33.13,167,139,108
49:17,28.41,32.28,156,140,108
49:18,28.42,32.44,158,140,108
49:19,28.42,32.67,161,140,110
49:20,28.43,36.23,211,140,110
49:21,28.44,30.96,140,139,112
49:22,28.45,30.88,139,139,109
49:23,28.46,31.04,141,139,106
49:24,28.47,31.64,148,139,105
49:25,28.48,32.12,154,139,103
49:26,28.49,32.89,164,139,104
49:27,28.50,32.36,157,139,103
49:28,28.51,32.81,163,139,104
49:29,28.51,32.28,156,139,104
49:30,28.52,31.80,150,139,104
49:31,28.53,32.04,153,139,105
49:32,28.54,31.72,149,139,106
49:33,28.55,31.48,146,139,105
49:34,28.56,32.51,159,139,105
49:35,28.57,32.04,153,139,104
49:36,28.58,31.72,149,139,103
49:37,28.59,32.36,157,139,105
49:38,28.60,32.28,156,139,105
49:39,28.60,32.12,154,139,105
49:40,28.61,32.44,158,139,104
49:41,28.62,32.20,155,139,104
49:42,28.63,32.36,157,139,105
49:43,28.64,32.04,153,139,104
49:44,28.65,32.75,162,140,105
49:45,28.66,30.53,135,140,106
49:46,28.67,30.70,137,140,103
49:47,28.67,31.56,147,140,102
49:48,28.68,32.75,162,140,103
49:49,28.69,32.99,165,140,103
49:50,28.70,32.36,157,140,103
49:51,28.71,33.21,168,140,105
49:52,28.72,32.20,155,140,104
49:53,28.73,32.20,155,140,104
49:54,28.74,32.20,155,140,104
49:55,28.75,33.87,177,140,105
49:56,28.76,33.07,166,140,105
49:57,28.77,32.12,154,141,105
49:58,28.77,32.20,155,140,104
49:59,28.78,32.44,158,140,104
50:00,28.79,32.67,161,140,104
50:01,28.80,32.75,162,141,105
50:02,28.81,32.75,162,140,105
50:03,28.82,33.52,172,140,105
50:04,28.83,33.73,175,140,106
50:05,28.84,34.16,181,140,106
50:06,28.85,33.65,174,140,107
50:07,28.86,31.72,149,140,107
50:08,28.87,32.51,159,140,106
50:09,28.87,29.64,125,140,104
50:10,28.88,25.63,86,141,100
50:11,28.89,26.21,91,140,94
50:12,28.90,26.10,90,140,91
50:13,28.90,25.63,86,140,87
Ride_Totals
Time,0:50:19
Distance,28.91
Speed_Avg,34.46
Watts_Avg,198
HR_Avg,143
RPM_Avg,97
Speed_Max,46.77
Watts_Max,425
HR_Max,163
RPM_Max,171
KCal,703
KJ,599
